1218000, adventure , cooperation , [世界综合组队任务]错过的缘分 , 完成100次世界综合组队任务 , 要求 script:0,
1219000, adventure , cooperation , [世界综合组队任务]再一次 ," 完成1,000次世界综合组队任务 ", 要求 script:0,
1220000, adventure , cooperation , [世界综合组队任务]超越世界的交流 ," 完成10,000次世界综合组队任务 ", 要求 script:0,
1221000, adventure , cooperation , [世界综合组队任务]入门 , 完成<迎月花保护月妙组队任务> , 要求 script:0,
1221001, adventure , cooperation , [世界综合组队任务]入门 , 完成<组队挑战任务> , 要求 script:0,
1221002, adventure , cooperation , [世界综合组队任务]入门 , 完成<女神塔组队任务> , 要求 script:0,
1221003, adventure , cooperation , [世界综合组队任务]入门 , 通关<毒雾森林> , 要求 script:0,
1221004, adventure , cooperation , [世界综合组队任务]入门 , 通关<阿里安特竞技大会> , 要求 script:0,
1227000, adventure , cooperation , [组队任务]入门 , 通关<唐云的料理讲座> , 要求 script:0,
1227001, adventure , cooperation , [组队任务]入门 , 通关<罗密欧和朱丽叶> , 要求 script:0,
1227002, adventure , cooperation , [组队任务]入门 , 通关<克里塞之薛西斯> , 要求 script:0,
1227003, adventure , cooperation , [组队任务]入门 , 通关<奈特的金字塔> , 要求 script:0,
1227004, adventure , cooperation , [组队任务]入门 , 完成<玩具城组队任务> , 要求 script:0,
1227005, adventure , cooperation , [组队任务]入门 , 完成<逃脱> , 要求 script:0,
1227006, adventure , cooperation , [组队任务]入门 , 完成<海盗船组队任务> , 要求 script:0,
1227007, adventure , cooperation , [组队任务]入门 , 通关<御龙魔> , 要求 script:0,
1227008, adventure , cooperation , [组队任务]入门 , 通关<次元入侵> , 要求 script:0,
1227009, adventure , cooperation , [组队任务]入门 , 完成<陷入危险的坎特> , 要求 script:0,
1227010, adventure , cooperation , [组队任务]入门 , 完成<侏儒怪皇帝的复活> , 要求 script:0,
1229000, adventure , cooperation , [组队任务]组.队.任.务 , 完成100次组队任务 , 要求 script:0,
1230000, adventure , cooperation , [组队任务]多.做.组.队.任.务 ," 完成1,000次组队任务 ", 要求 script:0,
1231000, adventure , cooperation , [组队任务]狂.做.组.队.任.务 ," 完成10,000次组队任务 ", 要求 script:0,
1232000, adventure , cooperation , 检查次数用 , 检查次数用 , 要求 script:0,
1387000, adventure , cooperation , 检查次数用 , 检查次数用 , 要求 script:0,
1067000, adventure , exploration , 有恒心者福气自来 , 触碰韧性之林第7阶段的白花簇 , 要求 script:0,
1068000, adventure , exploration , 善忍者福气自来 , 触碰忍苦树林第5阶段的草药丛 , 要求 script:0,
1069000, adventure , exploration , 给我金币 , 摆弄<B1地铁管理处>宝物箱 , 要求 script:0,
1069001, adventure , exploration , 给我金币 , 摆弄<B2地铁管理处>宝物箱 , 要求 script:0,
1069002, adventure , exploration , 给我金币 , 摆弄<B3地铁管理处>宝物箱 , 要求 script:0,
1386000, adventure , exploration , 检查次数用 , 检查次数用 , 要求 npcshop_buy:0,
1223000, adventure , quest , 莫拉斯荣誉市民 , 连续100天完成莫拉斯每日任务 , 要求 script:0,
1240000, adventure , special , [碎梦者]开始就成功了一半 , [碎梦者]通关第10阶段后领取奖励 , 要求 script:0,
1241000, adventure , special , [碎梦者]闭上眼睛只看见OOO , [碎梦者]通关第30阶段后领取奖励 , 要求 script:0,
1242000, adventure , special , [碎梦者]差不多到一半了吧？ , [碎梦者]通关第50阶段后领取奖励 , 要求 script:0,
1243000, adventure , special , [碎梦者]应付自如 , [碎梦者]通关第70阶段后领取奖励 , 要求 script:0,
1244000, adventure , special , [碎梦者]回顾与展望 , [碎梦者]通关第100阶段后领取奖励 , 要求 script:0,
1245000, adventure , special , [碎梦者]放弃是轻松的…… , [碎梦者]通关第130阶段后领取奖励 , 要求 script:0,
1246000, adventure , special , [碎梦者]因为在那里 , [碎梦者]通关第150阶段后领取奖励 , 要求 script:0,
1247000, adventure , special , [碎梦者]漫长艰险的道路 , [碎梦者]通关第200阶段后领取奖励 , 要求 script:0,
1249000, adventure , special , [碎梦者]只有在梦中 , 使用<锁定进度条> , 要求 script:0,
1249001, adventure , special , [碎梦者]只有在梦中 , 使用<觉醒之钟> , 要求 script:0,
1249002, adventure , special , [碎梦者]只有在梦中 , 使用<召唤布娃娃> , 要求 script:0,
1249003, adventure , special , [碎梦者]只有在梦中 , 使用<爆破> , 要求 script:0,
1250000, adventure , special , [碎梦者]布娃娃沉睡计划 ," [碎梦者]摧毁噩梦音乐盒1,000次 ", 要求 mob_kill:0,
1251000, adventure , special , [碎梦者]做噩梦了 ," [碎梦者]摧毁噩梦音乐盒10,000次 ", 要求 mob_kill:0,
1252000, adventure , special , 检查次数用 , 检查次数用 , 要求 mob_kill:0,
1261000, adventure , special , [起源之塔]巨大蜘蛛在哪里？ , [起源之塔]通关10层 , 要求 script:0,
1262000, adventure , special , [起源之塔]行贿可耻 , [起源之塔]通关20层 , 要求 script:0,
1263000, adventure , special , [起源之塔]感受恐惧！ , [起源之塔]通关30层 , 要求 script:0,
1264000, adventure , special , [起源之塔]熊熊燃烧吧！ , [起源之塔]通关40层 , 要求 script:0,
1265000, adventure , special , [起源之塔]造物主是谁？！ , [起源之塔]通关50层 , 要求 script:0,
1266000, adventure , special , 已下降至极限 , [起源之塔]一天通关200层 , 要求 script:0,
1267000, adventure , special , [起源之塔]忘恩负义的少女 , [起源之塔]消灭5次桃乐丝 , 要求 script:0,
1268000, adventure , special , [起源之塔]我们走着瞧…… , [起源之塔]消灭10次桃乐丝 , 要求 script:0,
1269000, adventure , special , 检查次数用 , 检查次数用 , 要求 script:0,
1272000, adventure , special , [起源之塔]积累海底里程 ," [起源之塔]获得10,000累积起源点数 ", 要求 script:0,
1273000, adventure , special , [起源之塔]海底富矿 ," [起源之塔]获得100,000累积起源点数 ", 要求 script:0,
1274000, adventure , special , [起源之塔]获得100万点数 ," [起源之塔]获得1,000,000累积起源点数 ", 要求 script:0,
1275000, adventure , special , 检查次数用 , 检查次数用 , 要求 script:0,
1276000, adventure , special , [怪物公园]旅程结束！ , 通关<自动警备区域> , 要求 script:0,
1276001, adventure , special , [怪物公园]旅程结束！ , 通关<苔藓树丛> , 要求 script:0,
1276002, adventure , special , [怪物公园]旅程结束！ , 通关<通天林修炼场> , 要求 script:0,
1276003, adventure , special , [怪物公园]旅程结束！ , 通关<海盗团的秘密基地> , 要求 script:0,
1276004, adventure , special , [怪物公园]旅程结束！ , 通关<异界战场> , 要求 script:0,
1276005, adventure , special , [怪物公园]旅程结束！ , 通关<独立森林危险地区> , 要求 script:0,
1276006, adventure , special , [怪物公园]旅程结束！ , 通关<时间停止之间> , 要求 script:0,
1276007, adventure , special , [怪物公园]旅程结束！ , 通关<隐藏的遗迹> , 要求 script:0,
1276008, adventure , special , [怪物公园]旅程结束！ , 通关<变成废墟的城市> , 要求 script:0,
1276009, adventure , special , [怪物公园]旅程结束！ , 通关<死亡之林> , 要求 script:0,
1276010, adventure , special , [怪物公园]旅程结束！ , 通关<监视之塔> , 要求 script:0,
1276011, adventure , special , [怪物公园]旅程结束！ , 通关<龙之巢穴> , 要求 script:0,
1276012, adventure , special , [怪物公园]旅程结束！ , 通关<忘却神殿> , 要求 script:0,
1276013, adventure , special , [怪物公园]旅程结束！ , 通关<骑士团要塞> , 要求 script:0,
1276014, adventure , special , [怪物公园]旅程结束！ , 通关<冤魂峡谷> , 要求 script:0,
1277000, adventure , special , [怪物公园]绝佳的经验值猎场 , [怪物公园]通关100次 , 要求 script:0,
1278000, adventure , special , [怪物公园]我爱怪物公园 ," [怪物公园]通关1,000次 ", 要求 script:0,
1279000, adventure , special , [怪物公园]怪物公园我的爱 ," [怪物公园]通关10,000次 ", 要求 script:0,
1280000, adventure , special , 检查次数用 , 检查次数用 , 要求 script:0,
1281000, adventure , special , [怪物公园]被选中者 , 获得<红蜗牛王徽章> , 要求 script:0,
1281001, adventure , special , [怪物公园]被选中者 , 获得<蚩尤徽章> , 要求 script:0,
1281002, adventure , special , [怪物公园]被选中者 , 获得<布坦徽章> , 要求 script:0,
1281003, adventure , special , [怪物公园]被选中者 , 获得<多纳尔徽章> , 要求 script:0,
1281004, adventure , special , [怪物公园]被选中者 , 获得<普鲁巴徽章> , 要求 script:0,
1281005, adventure , special , [怪物公园]被选中者 , 获得<萨图努斯徽章> , 要求 script:0,
1281006, adventure , special , [怪物公园]被选中者 , 获得<琼娜徽章> , 要求 script:0,
1287000, adventure , special , [鬼魂公园]只留下符咒 , [鬼魂公园]获得7种符咒后，交换七狱符咒 , 要求 script:0,
1289000, adventure , special , [鬼魂公园]新手退魔师 , [鬼魂公园]消灭100只幽灵 , 要求 mob_kill:0,
1290000, adventure , special , [鬼魂公园]熟练退魔师 ," [鬼魂公园]消灭1,000只幽灵 ", 要求 mob_kill:0,
1291000, adventure , special , [鬼魂公园]高级退魔师 ," [鬼魂公园]消灭10,000只幽灵 ", 要求 mob_kill:0,
1292000, adventure , special , 检查次数用 , 检查次数用 , 要求 mob_kill:0,
1293000, adventure , special , [武陵道场]轻松修炼的奖赏 ," [武陵道场]累计获得100,000点 ", 要求 script:0,
1294000, adventure , special , [武陵道场]不懈修炼的奖赏 ," [武陵道场]累计获得1,000,000点 ", 要求 script:0,
1295000, adventure , special , [武陵道场]严酷修炼的奖赏 ," [武陵道场]累计获得10,000,000点 ", 要求 script:0,
1296000, adventure , special , 检查次数用 , 检查次数用 , 要求 script:0,
1302000, adventure , special , [武陵道场]在寂静中大喊升级 , [武陵道场]在身心修炼馆中达到200级 , 要求 user_lvup:0,
1303000, adventure , special , [武陵道场]向上攀登,班·雷昂 , [武陵道场]消灭10层的班·雷昂 , 要求 mob_kill:0
1304000, adventure , special , [武陵道场]向上攀登,希拉 , [武陵道场]消灭20层的希拉 , 要求 mob_kill:0
1305000, adventure , special , [武陵道场]向上攀登,阿卡伊勒 , [武陵道场]消灭30层的阿卡伊勒 , 要求 mob_kill:0
1306000, adventure , special , [武陵道场]向上攀登,麦格纳斯 , [武陵道场]消灭40层的麦格纳斯 , 要求 mob_kill:0
1307000, adventure , special , [武陵道场]向上攀登,塔尔卡 , [武陵道场]消灭45层的塔尔卡 , 要求 mob_kill:0
1308000, adventure , special , [武陵道场]向上攀登,御龙魔 , [武陵道场]消灭50层的御龙魔 , 要求 mob_kill:0
1309000, adventure , special , [武陵道场]向上攀登,希纳斯家族 , 消灭<胡克> , 要求 mob_kill:0
1309001, adventure , special , [武陵道场]向上攀登,希纳斯家族 , 消灭<伊卡尔特> , 要求 mob_kill:0
1309002, adventure , special , [武陵道场]向上攀登,希纳斯家族 , 消灭<伊莉娜> , 要求 mob_kill:0
1309003, adventure , special , [武陵道场]向上攀登,希纳斯家族 , 消灭<奥兹> , 要求 mob_kill:0
1309004, adventure , special , [武陵道场]向上攀登,希纳斯家族 , 消灭<米哈尔> , 要求 mob_kill:0
1309005, adventure , special , [武陵道场]向上攀登,希纳斯家族 , 消灭<希纳斯> , 要求 mob_kill:0
1310000, adventure , special , [武陵道场]向上攀登,武公的徒弟们 , 消灭<阿狼> , 要求 mob_kill:0
1310001, adventure , special , [武陵道场]向上攀登,武公的徒弟们 , 消灭<凤仙> , 要求 mob_kill:0
1310002, adventure , special , [武陵道场]向上攀登,武公的徒弟们 , 消灭<悟空> , 要求 mob_kill:0
1310003, adventure , special , [武陵道场]向上攀登,武公的徒弟们 , 消灭<宋达> , 要求 mob_kill:0
1310004, adventure , special , [武陵道场]向上攀登,武公的徒弟们 , 消灭<黄龙> , 要求 mob_kill:0
1310005, adventure , special , [武陵道场]向上攀登,武公的徒弟们 , 消灭<赤虎> , 要求 mob_kill:0
1311000, adventure , special , [武陵道场]向上攀登,武公 , [武陵道场]消灭63层的武公 , 要求 mob_kill:0
1312000, adventure , special , [饥饿的穆托]异世界见习料理师 , [饥饿的穆托]在普通难度下通关10次 , 要求 script:0,
1313000, adventure , special , [饥饿的穆托]异世界料理师 , [饥饿的穆托]在普通难度下通关100次 , 要求 script:0,
1314000, adventure , special , [饥饿的穆托]其实我也饿 ," [饥饿的穆托]在普通难度下通关1,000次 ", 要求 script:0,
1315000, adventure , special , 检查次数用 , 检查次数用 , 要求 script:0,
1316000, adventure , special , [饥饿的穆托]异世界主厨 , [饥饿的穆托]在困难难度下通关10次 , 要求 script:0,
1317000, adventure , special , [饥饿的穆托]异世界首席主厨 , [饥饿的穆托]在困难难度下通关100次 , 要求 script:0,
1318000, adventure , special , [饥饿的穆托]穆托专属料理师 ," [饥饿的穆托]在困难难度下通关1,000次 ", 要求 script:0,
1319000, adventure , special , 检查次数用 , 检查次数用 , 要求 script:0,
1320000, adventure , special , [饥饿的穆托]速度是料理的关键！ , [饥饿的穆托]30秒内通关困难难度后领取奖励 , 要求 script:0,
1327000, adventure , special , [侵略战]最后一击的时机 , 侵略战最终攻击成功后领取奖励 , 要求 script:0,
1329000, adventure , special , [侵略战]这个区域由我守卫 , 侵略战累计贡献度达到1亿以上 , 要求 script:0,
1330000, adventure , special , [侵略战]我是守护者 , 侵略战累计贡献度达到10亿以上 , 要求 script:0,
1331000, adventure , special , 检查次数用 , 检查次数用 , 要求 script:0,
1332000, adventure , special , [侵略战]精彩之战 , 1次侵略战贡献度达到300万以上后领取奖励 , 要求 script:0,
1334000, adventure , special , [灵魂拯救者]石精灵营救作战 , 营救石精灵100个 , 要求 script:0,
1335000, adventure , special , [灵魂拯救者]最先进去，最后出来 ," 营救石精灵1,000个 ", 要求 script:0,
1336000, adventure , special , [灵魂拯救者]阿尔卡那的超级英雄 ," 营救石精灵10,000个 ", 要求 script:0,
1337000, adventure , special , [灵魂拯救者]身强体健的救助队员 , 一口气救出5个石精灵100次 , 要求 script:0,
1338000, adventure , special , [灵魂拯救者]精英救助队员 ," 以20,000分以上的分数通关 ", 要求 script:0,
1339000, adventure , special , [海加顿]关于不朽 , 参加海加顿后领取奖励达到10次 , 要求 script:0,
1340000, adventure , special , [海加顿]对抗不朽 , 参加海加顿后领取奖励达到100次 , 要求 script:0,
1341000, adventure , special , [海加顿]必灭者的毅力 ," 参加海加顿后领取奖励达到1,000次 ", 要求 script:0,
1343000, adventure , special , 检查次数用 , 检查次数用 , 要求 script:0,
1385000, adventure , special , 检查次数用 , 检查次数用 , 要求 script:0,
638000, battle , boss , [蝙蝠怪]不许嚣张！ , 消灭50次蝙蝠怪 , 要求 mob_kill:0,
639000, battle , boss , [蝙蝠怪]立正！ , 消灭蝙蝠怪500次 , 要求 mob_kill:0,
640000, battle , boss , [蝙蝠怪]要统治世界需上万年 , 消灭3000次蝙蝠怪 , 要求 mob_kill:0,
641000, battle , boss , 检查次数用 , 检查次数用 , 要求 mob_kill:0,
642000, battle , boss , [扎昆]把手臂给我吧 , 消灭10次简单扎昆 , 要求 mob_kill:0,
643000, battle , boss , [扎昆]长那么多手臂干嘛 , 消灭简单扎昆100次 , 要求 mob_kill:0,
644000, battle , boss , [扎昆]易如反掌 ," 消灭简单扎昆1,000次 ", 要求 mob_kill:0,
645000, battle , boss , 检查次数用 , 检查次数用 , 要求 mob_kill:0,
646000, battle , boss , [扎昆]赚钱的好门路 , 消灭普通扎昆10次 , 要求 mob_kill:0,
647000, battle , boss , [扎昆]不吝奉献的树 , 消灭100次普通扎昆 , 要求 mob_kill:0,
648000, battle , boss , [普通扎昆]扎昆好弱 ," 消灭普通扎昆1,000次 ", 要求 mob_kill:0,
649000, battle , boss , 检查次数用 , 检查次数用 , 要求 mob_kill:0,
650000, battle , boss , [扎昆]恶魔之树 , 消灭进阶扎昆1次 , 要求 mob_kill:0,
651000, battle , boss , [扎昆]扎昆变了 , 消灭进阶扎昆10次 , 要求 mob_kill:0,
652000, battle , boss , [扎昆]你好 , 消灭进阶扎昆100次 , 要求 mob_kill:0,
653000, battle , boss , 检查次数用 , 检查次数用 , 要求 mob_kill:0,
654000, battle , boss , [扎昆]手臂长再多也没用 , 单人击败进阶扎昆 , 要求 mob_kill:0,
655000, battle , boss , [扎昆]老练樵夫团队 , 4人组队通关 , 要求 mob_kill:0,
655001, battle , boss , [扎昆]老练樵夫团队 , 5人组队通关 , 要求 mob_kill:0,
655002, battle , boss , [扎昆]老练樵夫团队 , 6人组队通关 , 要求 mob_kill:0,
657000, battle , boss , [乌鲁斯]战胜黄金的恐惧 , 消灭乌鲁斯10次 , 要求 script:0,
658000, battle , boss , [乌鲁斯]人人为我，我为人人 , 消灭100次乌鲁斯 , 要求 script:0,
659000, battle , boss , [乌鲁斯]最终是毁灭！ ," 消灭乌鲁斯1,000次 ", 要求 script:0,
660000, battle , boss , 检查次数用 , 检查次数用 , 要求 script:0,
661000, battle , boss , [乌鲁斯]我来帮助你们 , 助攻100次 , 要求 script:0,
662000, battle , boss , [乌鲁斯]始终如一的救助 ," 助攻1,000次 ", 要求 script:0,
663000, battle , boss , [乌鲁斯]战场天使 ," 助攻10,000次 ", 要求 script:0,
664000, battle , boss , 检查次数用 , 检查次数用 , 要求 script:0,
669000, battle , boss , [麦格纳斯]那就是……我！ , 消灭简单麦格纳斯10次 , 要求 mob_kill:0,
670000, battle , boss , [麦格纳斯]叛徒只有死路一条！ , 消灭简单麦格纳斯100次 , 要求 mob_kill:0,
671000, battle , boss , [麦格纳斯]再见，麦格纳斯 ," 消灭1,000次简单麦格纳斯 ", 要求 mob_kill:0,
672000, battle , boss , 检查次数用 , 检查次数用 , 要求 mob_kill:0,
673000, battle , boss , [麦格纳斯]That's me! , 消灭普通麦格纳斯10次 , 要求 mob_kill:0,
674000, battle , boss , [麦格纳斯]挺会操纵陨石哦？ , 消灭100次普通麦格纳斯 , 要求 mob_kill:0,
675000, battle , boss , [麦格纳斯]天生反骨……原来是你！ ," 消灭1,000次普通麦格纳斯 ", 要求 mob_kill:0,
676000, battle , boss , 检查次数用 , 检查次数用 , 要求 mob_kill:0,
677000, battle , boss , [麦格纳斯]那.就是.我！ , 消灭高级麦格纳斯1次 , 要求 mob_kill:0,
678000, battle , boss , [麦格纳斯]穿过炽热的陨石~向你奔去 , 消灭10次高级麦格纳斯 , 要求 mob_kill:0,
679000, battle , boss , [麦格纳斯]叛徒竟会操纵陨石？ , 消灭100次高级麦格纳斯 , 要求 mob_kill:0,
680000, battle , boss , 检查次数用 , 检查次数用 , 要求 mob_kill:0,
681000, battle , boss , [麦格纳斯]这场战斗……我赢了！！ , 单人击败高级麦格纳斯 , 要求 mob_kill:0,
682000, battle , boss , [麦格纳斯]我们从未经历过死亡 , 4人组队通关 , 要求 mob_kill:0,
682001, battle , boss , [麦格纳斯]我们从未经历过死亡 , 5人组队通关 , 要求 mob_kill:0,
682002, battle , boss , [麦格纳斯]我们从未经历过死亡 , 6人组队通关 , 要求 mob_kill:0,
683000, battle , boss , [麦格纳斯]麻烦借个道 , 在n分钟内击败高级麦格纳斯 , 要求 mob_kill:0,
684000, battle , boss , [希拉]魔女猎人 , 消灭普通希拉10次 , 要求 mob_kill:0,
685000, battle , boss , [希拉]讨厌红药 , 消灭普通希拉100次 , 要求 mob_kill:0,
686000, battle , boss , [希拉]这次也要打退堂鼓？ ," 消灭1,000次普通希拉 ", 要求 mob_kill:0,
687000, battle , boss , 检查次数用 , 检查次数用 , 要求 mob_kill:0,
688000, battle , boss , [希拉]白发魔女猎人 , 消灭高级希拉10次 , 要求 mob_kill:0,
689000, battle , boss , [希拉]你多大了？ , 消灭高级希拉100次 , 要求 mob_kill:0,
690000, battle , boss , [希拉]感受真正的年轻！ ," 消灭1,000次高级希拉 ", 要求 mob_kill:0,
691000, battle , boss , 检查次数用 , 检查次数用 , 要求 mob_kill:0,
692000, battle , boss , [卡雄]得给家里弄一个卡雄～ , 消灭普通卡雄10次 , 要求 mob_kill:0,
693000, battle , boss , [卡雄]得给家里弄两个卡雄～ , 消灭普通卡雄100次 , 要求 mob_kill:0,
694000, battle , boss , [卡雄]一起打扫吧 , 消灭1000次普通卡雄 , 要求 mob_kill:0,
695000, battle , boss , 检查次数用 , 检查次数用 , 要求 mob_kill:0,
696000, battle , boss , [皮埃尔]红帽子？蓝帽子？ , 消灭10次普通皮埃尔 , 要求 mob_kill:0,
697000, battle , boss , [皮埃尔]别这么严肃嘛？ , 消灭普通皮埃尔100次 , 要求 mob_kill:0,
698000, battle , boss , [皮埃尔]派对结束了 ," 消灭1,000次普通皮埃尔 ", 要求 mob_kill:0,
699000, battle , boss , 检查次数用 , 检查次数用 , 要求 mob_kill:0,
700000, battle , boss , [皮埃尔]扫兴的家伙 , 消灭进阶皮埃尔1次 , 要求 script:0,
701000, battle , boss , [皮埃尔]小丑的眼泪 , 消灭进阶皮埃尔10次 , 要求 script:0,
702000, battle , boss , [皮埃尔]我的派对才刚刚开始 , 消灭100次进阶皮埃尔 , 要求 script:0,
703000, battle , boss , 检查次数用 , 检查次数用 , 要求 script:0,
708000, battle , boss , [半半]一半酱香一半脆皮 , 消灭普通半半10次 , 要求 mob_kill:0,
709000, battle , boss , [半半]每种各半，多点萝卜 , 消灭普通半半100次 , 要求 mob_kill:0,
710000, battle , boss , [半半]未珍惜的时间 , 消灭1000次普通半半 , 要求 mob_kill:0,
711000, battle , boss , 检查次数用 , 检查次数用 , 要求 mob_kill:0,
712000, battle , boss , [半半]一半酱香一半酱油 , 消灭进阶半半1次 , 要求 mob_kill:0,
713000, battle , boss , [半半]一半蒜香一半脆皮 , 消灭进阶半半10次 , 要求 mob_kill:0,
714000, battle , boss , [半半]时间支配者，统治深渊 , 消灭100次进阶半半 , 要求 mob_kill:0,
715000, battle , boss , 检查次数用 , 检查次数用 , 要求 mob_kill:0,
716000, battle , boss , [半半]人均1只鸡 , 单人击败进阶半半 , 要求 mob_kill:0,
717000, battle , boss , [半半]谁赢谁吃腿 , 4人组队通关 , 要求 mob_kill:0,
717001, battle , boss , [半半]谁赢谁吃腿 , 5人组队通关 , 要求 mob_kill:0,
717002, battle , boss , [半半]谁赢谁吃腿 , 6人组队通关 , 要求 mob_kill:0,
719000, battle , boss , [血腥女王]有4张脸了不起啊！？ , 消灭普通血腥女王10次 , 要求 mob_kill:0,
720000, battle , boss , [血腥女王]没有名字的少女 , 消灭普通血腥女王100次 , 要求 mob_kill:0,
721000, battle , boss , [血腥女王]镜子里的你是谁？ , 消灭1000次普通血腥女王 , 要求 mob_kill:0,
722000, battle , boss , 检查次数用 , 检查次数用 , 要求 mob_kill:0,
723000, battle , boss , [血腥女王]血之女王 , 消灭进阶血腥女王1次 , 要求 mob_kill:0,
724000, battle , boss , [血腥女王]你的真面目 , 消灭进阶血腥女王10次 , 要求 mob_kill:0,
725000, battle , boss , [血腥女王]我知道你从前的模样 , 消灭100次进阶血腥女王 , 要求 mob_kill:0,
726000, battle , boss , 检查次数用 , 检查次数用 , 要求 mob_kill:0,
727000, battle , boss , [血腥女王]其实是4对1胜利 , 单人击败进阶血腥女王 , 要求 mob_kill:0,
728000, battle , boss , [血腥女王]各有特色 , 消灭<魅惑的女王> , 要求 mob_kill:0,
728001, battle , boss , [血腥女王]各有特色 , 消灭<愤怒的女王> , 要求 mob_kill:0,
728002, battle , boss , [血腥女王]各有特色 , 消灭<喜悦的女王> , 要求 mob_kill:0,
728003, battle , boss , [血腥女王]各有特色 , 消灭<悲哀的女王> , 要求 mob_kill:0,
729000, battle , boss , [血腥女王]我们从未经历过死亡 , 4人组队通关 , 要求 mob_kill:0,
729001, battle , boss , [血腥女王]我们从未经历过死亡 , 5人组队通关 , 要求 mob_kill:0,
729002, battle , boss , [血腥女王]我们从未经历过死亡 , 6人组队通关 , 要求 mob_kill:0,
730000, battle , boss , [血腥女王]变脸之前 , 5分钟内击败进阶血腥女王 , 要求 mob_kill:0,
731000, battle , boss , [贝伦]光明正大地决斗 , 消灭普通贝伦10次 , 要求 mob_kill:0,
732000, battle , boss , [贝伦]蚯蚓急了也会咬人 , 消灭普通贝伦100次 , 要求 mob_kill:0,
733000, battle , boss , [贝伦]拒收没尾巴的贝伦 , 消灭1000次普通贝伦 , 要求 mob_kill:0,
734000, battle , boss , 检查次数用 , 检查次数用 , 要求 mob_kill:0,
735000, battle , boss , [贝伦]战斗力测量仪 , 消灭进阶贝伦1次 , 要求 mob_kill:0,
736000, battle , boss , [贝伦]缴武器不杀…… , 消灭进阶贝伦10次 , 要求 mob_kill:0,
737000, battle , boss , [贝伦]在祭坛上吃晚饭 , 消灭100次进阶贝伦 , 要求 mob_kill:0,
738000, battle , boss , 检查次数用 , 检查次数用 , 要求 mob_kill:0,
739000, battle , boss , [贝伦]巨大毛毛虫是我的 , 单人击败进阶贝伦 , 要求 mob_kill:0,
740000, battle , boss , [贝伦]我们从未经历过死亡 , 4人组队通关 , 要求 mob_kill:0,
740001, battle , boss , [贝伦]我们从未经历过死亡 , 5人组队通关 , 要求 mob_kill:0,
740002, battle , boss , [贝伦]我们从未经历过死亡 , 6人组队通关 , 要求 mob_kill:0,
741000, battle , boss , [贝伦]你已经死了 , 5分钟内击败进阶贝伦 , 要求 mob_kill:0,
743000, battle , boss , [班·雷昂]猫项系铃 , 消灭10次简单班·雷昂 , 要求 mob_kill:0,
744000, battle , boss , [班·雷昂]消灭半兽人 , 消灭100次简单班·雷昂 , 要求 mob_kill:0,
745000, battle , boss , [班·雷昂]一举定百年 ," 消灭1,000次简单班·雷昂 ", 要求 mob_kill:0,
746000, battle , boss , 检查次数用 , 检查次数用 , 要求 mob_kill:0,
747000, battle , boss , [班·雷昂]不过是猫咪 , 消灭普通班·雷昂10次 , 要求 mob_kill:0,
748000, battle , boss , [班·雷昂]哔哔！常见的猫咪 , 消灭普通班·雷昂100次 , 要求 mob_kill:0,
749000, battle , boss , [班·雷昂]初生牛犊不怕虎 ," 消灭1,000次普通班·雷昂 ", 要求 mob_kill:0,
750000, battle , boss , 检查次数用 , 检查次数用 , 要求 mob_kill:0,
751000, battle , boss , [班·雷昂]哈的那玛塔塔 , 消灭高级班·雷昂10次 , 要求 mob_kill:0,
752000, battle , boss , [班·雷昂]你变强了 , 消灭高级班·雷昂100次 , 要求 mob_kill:0,
753000, battle , boss , [班·雷昂]可怜的猫 ," 消灭1,000次高级班·雷昂 ", 要求 mob_kill:0,
754000, battle , boss , 检查次数用 , 检查次数用 , 要求 mob_kill:0,
755000, battle , boss , [暗黑龙王]冒险岛的三头龙 , 消灭简单暗黑龙王10次 , 要求 mob_kill:0,
756000, battle , boss , [暗黑龙王]普及型屠龙者 , 消灭简单暗黑龙王100次 , 要求 mob_kill:0,
757000, battle , boss , [暗黑龙王]善良的龙都很弱 ," 消灭1,000次简单暗黑龙王 ", 要求 mob_kill:0,
758000, battle , boss , 检查次数用 , 检查次数用 , 要求 mob_kill:0,
759000, battle , boss , [暗黑龙王]耳麦！ , 消灭普通暗黑龙王10次 , 要求 mob_kill:0,
760000, battle , boss , [暗黑龙王]屠龙者 , 消灭普通暗黑龙王100次 , 要求 mob_kill:0,
761000, battle , boss , [暗黑龙王]和旁边的脑袋不一样！ , 消灭1000次普通暗黑龙王 , 要求 mob_kill:0,
762000, battle , boss , 检查次数用 , 检查次数用 , 要求 mob_kill:0,
763000, battle , boss , [暗黑龙王]混乱的混沌 , 消灭进阶暗黑龙王10次 , 要求 mob_kill:0,
764000, battle , boss , [暗黑龙王]很久很久以前 , 消灭进阶暗黑龙王100次 , 要求 mob_kill:0,
765000, battle , boss , [暗黑龙王]荣誉敢死队员 , 消灭1000次进阶暗黑龙王 , 要求 mob_kill:0,
766000, battle , boss , 检查次数用 , 检查次数用 , 要求 mob_kill:0,
767000, battle , boss , [阿卡伊勒]我以伦娜之名表示，绝不原谅你 , 消灭简单阿卡伊勒10次 , 要求 mob_kill:0,
768000, battle , boss , [阿卡伊勒]你真可恶！ , 消灭简单阿卡伊勒100次 , 要求 mob_kill:0,
769000, battle , boss , [阿卡伊勒]此次技能打10分 ," 消灭1,000次简单阿卡伊勒 ", 要求 mob_kill:0,
770000, battle , boss , 检查次数用 , 检查次数用 , 要求 mob_kill:0,
771000, battle , boss , [阿卡伊勒]咔嚓！ , 消灭普通阿卡伊勒10次 , 要求 mob_kill:0,
772000, battle , boss , [阿卡伊勒]原型不是蛇？ , 消灭普通阿卡伊勒100次 , 要求 mob_kill:0,
773000, battle , boss , [阿卡伊勒]狡猾的味道 , 消灭1000次普通阿卡伊勒 , 要求 mob_kill:0,
774000, battle , boss , 检查次数用 , 检查次数用 , 要求 mob_kill:0,
775000, battle , boss , [阿卡伊勒]吞噬黑暗的光芒 , 单人击败普通阿卡伊勒 , 要求 mob_kill:0,
777000, battle , boss , [品克缤]蹦蹦品克缤 , 消灭普通品克缤10次 , 要求 mob_kill:0,
778000, battle , boss , [品克缤]跳跳品克缤 , 消灭100次普通品克缤 , 要求 mob_kill:0,
779000, battle , boss , [品克缤]有害的豆子 , 消灭1000次普通品克缤 , 要求 mob_kill:0,
780000, battle , boss , 检查次数用 , 检查次数用 , 要求 mob_kill:0,
781000, battle , boss , [品克缤]让人心软的粉红色 , 消灭进阶品克缤10次 , 要求 mob_kill:0,
782000, battle , boss , [品克缤]粉红豆品克缤 , 消灭100次进阶品克缤 , 要求 mob_kill:0,
783000, battle , boss , [品克缤]回异界去吧！ , 消灭1000次进阶品克缤 , 要求 mob_kill:0,
784000, battle , boss , 检查次数用 , 检查次数用 , 要求 mob_kill:0,
787000, battle , boss , [希纳斯]堕落的女皇 , 消灭简单希纳斯1次 , 要求 mob_kill:0,
788000, battle , boss , [希纳斯]女皇陛下！ , 消灭简单希纳斯10次 , 要求 mob_kill:0,
789000, battle , boss , [希纳斯]欢迎来到庭院 , 消灭100次简单希纳斯 , 要求 mob_kill:0,
790000, battle , boss , 检查次数用 , 检查次数用 , 要求 mob_kill:0,
791000, battle , boss , [希纳斯]只剩下堕落 , 消灭1次普通希纳斯 , 要求 mob_kill:0,
792000, battle , boss , [希纳斯]到庭院来 , 消灭普通希纳斯10次 , 要求 mob_kill:0,
793000, battle , boss , [希纳斯]堕落之力女皇 , 消灭100次普通希纳斯 , 要求 mob_kill:0,
794000, battle , boss , 检查次数用 , 检查次数用 , 要求 mob_kill:0,
795000, battle , boss , [希纳斯]继你之后 , 单人击败普通希纳斯 , 要求 mob_kill:0,
797000, battle , boss , [斯乌]打起精神来 , 消灭1次普通斯乌 , 要求 mob_kill:0,
798000, battle , boss , [斯乌]很惊讶吧？ , 消灭普通斯乌10次 , 要求 mob_kill:0,
799000, battle , boss , [斯乌]吓到你了吗？ , 消灭100次普通斯乌 , 要求 mob_kill:0,
800000, battle , boss , 检查次数用 , 检查次数用 , 要求 mob_kill:0,
801000, battle , boss , [斯乌]我一个人就能对付斯乌 , 单人击败普通斯乌 , 要求 mob_kill:0,
802000, battle , boss , [斯乌]我们还活着！ , 4人组队通关 , 要求 mob_kill:0,
802001, battle , boss , [斯乌]我们还活着！ , 5人组队通关 , 要求 mob_kill:0,
802002, battle , boss , [斯乌]我们还活着！ , 6人组队通关 , 要求 mob_kill:0,
805000, battle , boss , [斯乌]疼吗？ , 消灭高级斯乌1 , 很惊讶吧？ , 要求 mob_kill:0
806000, battle , boss , [斯乌]你去美国了～ , 消灭高级斯乌2 , 疼吗？ , 要求 mob_kill:0
807000, battle , boss , [斯乌]调整的结果是纯情 , 消灭高级斯乌3 , 你去美国了？ , 要求 mob_kill:0
808000, battle , boss , 检查次数用 , 检查次数用 , 要求 mob_kill:0,
811000, battle , boss , [戴米安]世界树讨厌你 , 消灭普通戴米安1 , 世界树讨厌你 , 要求 mob_kill:0
812000, battle , boss , [戴米安]拔除杂草 , 消灭普通戴米安2 , 拔除杂草 , 要求 mob_kill:0
813000, battle , boss , [戴米安]狩猎或被猎杀 , 消灭普通戴米安3 , 狩猎或被猎杀 , 要求 mob_kill:0
814000, battle , boss , 检查次数用 , 检查次数用 , 要求 mob_kill:0,
815000, battle , boss , [戴米安]独自作战 , 单人击败普通戴米安 , 要求 mob_kill:0,
816000, battle , boss , [戴米安]我是不死之身 , 4人组队通关 , 要求 mob_kill:0,
816001, battle , boss , [戴米安]我是不死之身 , 5人组队通关 , 要求 mob_kill:0,
816002, battle , boss , [戴米安]我是不死之身 , 6人组队通关 , 要求 mob_kill:0,
817000, battle , boss , [戴米安]哈哈哈！你又失败了！ , 哈哈哈！你又失败了！ , 要求 mob_kill:0,
819000, battle , boss , [戴米安]抱歉打疼你了 , 消灭高级戴米安1 , 抱歉打疼你了 , 要求 mob_kill:0
820000, battle , boss , [戴米安]抱歉我要杀你咯 , 消灭高级戴米安2 , 抱歉我要杀你咯 , 要求 mob_kill:0
821000, battle , boss , [戴米安]戴米安很抱歉！ , 消灭高级戴米安3 , 戴米安很抱歉！ , 要求 mob_kill:0
822000, battle , boss , 检查次数用 , 检查次数用 , 要求 mob_kill:0,
823000, battle , boss , [戴米安]你杀不死我 , 4人组队通关 , 要求 mob_kill:0,
823001, battle , boss , [戴米安]你杀不死我 , 5人组队通关 , 要求 mob_kill:0,
823002, battle , boss , [戴米安]你杀不死我 , 6人组队通关 , 要求 mob_kill:0,
824000, battle , boss , [戴米安]抱歉我太快了 , 5分钟内击败普通戴米安 , 要求 mob_kill:0,
825000, battle , boss , [路西德]傲娇路西德 , 普通路西德1 , , 要求 mob_kill:0
826000, battle , boss , [路西德]起床啦路西德 , 普通路西德2 , , 要求 mob_kill:0
827000, battle , boss , [路西德]现实与梦境 , 普通路西德3 , , 要求 mob_kill:0
828000, battle , boss , 检查次数用 , 检查次数用 , 要求 mob_kill:0,
831000, battle , boss , [路西德]女王的全面教育 , 女王的全面教育 , 要求 mob_kill:0,
832000, battle , boss , [路西德]醒醒吧 , 高级路西德1 , 醒醒吧 , 要求 mob_kill:0
833000, battle , boss , [路西德]我的回避力世界第一！！！ , 高级路西德2 , 起床啦路西德 , 要求 mob_kill:0
834000, battle , boss , [路西德]似蝶又似蜂 , 高级路西德3 , , 要求 mob_kill:0
835000, battle , boss , 检查次数用 , 检查次数用 , 要求 mob_kill:0,
3000000, battle , boss , [帕普拉图斯]滴答滴答的晨钟 , 消灭10次简单帕普拉图斯 , 要求 mob_kill:0,
3001000, battle , boss , [帕普拉图斯]自称时间支配者 , 消灭100次简单帕普拉图斯 , 要求 mob_kill:0,
3002000, battle , boss , [帕普拉图斯]穿越时空的惹祸精 , 消灭1000次简单帕普拉图斯 , 要求 mob_kill:0,
3003000, battle , boss ," 简单帕普拉图斯次数检查（3000,3001,3002parents） "," 简单帕普拉图斯次数检查（3000,3001,3002parents） ", 要求 mob_kill:0,
3004000, battle , boss , [帕普拉图斯]异界惹祸精 , 消灭10次普通帕普拉图斯 , 要求 mob_kill:0,
3005000, battle , boss , [帕普拉图斯]还剩1分钟 , 消灭100次普通帕普拉图斯 , 要求 mob_kill:0,
3006000, battle , boss , [帕普拉图斯]帕普拉图斯时间 , 消灭1000次普通帕普拉图斯 , 要求 mob_kill:0,
3007000, battle , boss ," 普通帕普拉图斯次数检查（3004,3005,3006parents） "," 普通帕普拉图斯次数检查（3004,3005,3006parents） ", 要求 mob_kill:0,
3008000, battle , boss , [帕普拉图斯]时间就是金钱！ , 消灭1次进阶帕普拉图斯 , 要求 mob_kill:0,
3009000, battle , boss , [帕普拉图斯]掌控时间者，统治天下 , 消灭10次进阶帕普拉图斯 , 要求 mob_kill:0,
3010000, battle , boss , [帕普拉图斯]倒转的时间 , 消灭100次进阶帕普拉图斯 , 要求 mob_kill:0,
3011000, battle , boss ," 进阶帕普拉图斯次数检查（3008,3009,3010parents） "," 进阶帕普拉图斯次数检查（3008,3009,3010parents） ", 要求 mob_kill:0,
3017000, battle , boss , [威尔]再厉害也是蜘蛛 , 消灭1次高级威尔 , 要求 mob_kill:0,
3018000, battle , boss , [威尔]灭蛛专家 , 消灭10次高级威尔 , 要求 mob_kill:0,
3019000, battle , boss , [威尔]蜘蛛剿灭者 , 消灭高级威尔100次 , 要求 mob_kill:0,
3020000, battle , boss , 3017/3018/3019次数检查用 , 3017/3018/3019次数检查用 , 要求 mob_kill:0,
3021000, battle , boss , [威尔]齐心消灭威尔 , 用神之子职业给敌人造成最多伤害后，再用最后一击消灭高级威尔 , 要求 mob_kill:0,
3022000, battle , boss , [至暗魔晶]开启吧迷雾 , 消灭1次至暗魔晶 , 要求 mob_kill:0,
3023000, battle , boss , [至暗魔晶]乖乖开路不就没事了 , 消灭10次至暗魔晶 , 要求 mob_kill:0,
3024000, battle , boss , [至暗魔晶]大小并不意味着全部 , 消灭100次至暗魔晶 , 要求 mob_kill:0,
3025000, battle , boss , 3022/3023/3024检查次数用 , 3022/3023/3024检查次数用 , 要求 mob_kill:0,
3026000, battle , boss , [觉醒希拉]红色魔女猎人 , 消灭觉醒希拉1次 , 要求 mob_kill:0,
3027000, battle , boss , [觉醒希拉]希拉，回归自然吧 , 消灭觉醒希拉10次 , 要求 mob_kill:0,
3028000, battle , boss , [觉醒希拉]尘归尘，土归土 , 消灭觉醒希拉100次 , 要求 mob_kill:0,
3029000, battle , boss , 3026/3027/3028检查次数用 , 3026/3027/3028检查次数用 , 要求 mob_kill:0,
3030000, battle , boss , [敦凯尔]炖凯尔？敦凯尔！ , [敦凯尔]消灭敦凯尔1次 , 要求 mob_kill:0,
3031000, battle , boss , [敦凯尔]堂堂正正地战斗！ , [敦凯尔]消灭敦凯尔10次 , 要求 mob_kill:0,
3032000, battle , boss , [敦凯尔]忠臣必须一死！ , [敦凯尔]消灭敦凯尔100次 , 要求 mob_kill:0,
3033000, battle , boss , 3030/3031/3032检查次数用 , 3030/3031/3032检查次数用 , 要求 mob_kill:0,
3034000, battle , boss , [黑魔法师]Finale , [黑魔法师]消灭黑魔法师1次 , 要求 mob_kill:0,
3035000, battle , boss , [黑魔法师]超越者的拯救者 , [黑魔法师]消灭黑魔法师10次 , 要求 mob_kill:0,
3036000, battle , boss , [黑魔法师]黑魔法师，我来飞蛾扑火了！ , [黑魔法师]消灭黑魔法师100次 , 要求 mob_kill:0,
3037000, battle , boss , 3034/3035/3036检查次数用 , 3034/3035/3036检查次数用 , 要求 mob_kill:0,
3038000, battle , boss , [黑魔法师]英雄很伟大，历史很相似 , [黑魔法师]以6人组队模式用英雄消灭黑魔法师4次以上（允许重复） , 要求 mob_kill:0,
3039000, battle , boss , [威尔]镜子破坏者 , 消灭普通威尔1次 , 要求 mob_kill:0,
3040000, battle , boss , [威尔]蜘蛛的天敌 , 消灭10次普通威尔 , 要求 mob_kill:0,
3041000, battle , boss , [威尔]消灭蜘蛛 , 消灭普通威尔100次 , 要求 mob_kill:0,
3042000, battle , boss , 3039/3040/3041检查次数用 , 3039/3040/3041检查次数用 , 要求 mob_kill:0,
3043000, battle , boss , [黑魔法师]最后赢家 , [黑魔法师]用4转以上夜光法师对黑魔法师造成最多伤害+最后一击 , 要求 mob_kill:0,
3044000, battle , boss , [黑魔法师]复仇终结 , [黑魔法师]用4转以上恶魔猎手或恶魔复仇者职业对黑魔法师造成最多伤害+最后一击 , 要求 mob_kill:0,
3045000, battle , boss , [黑魔法师]为了女皇！ , [黑魔法师]以6人组队模式用希纳斯消灭黑魔法师4次以上（允许重复） , 要求 mob_kill:0,
3046000, battle , boss , [黑魔法师]自由的守护者 , [黑魔法师]以6人组队模式用冒险家消灭黑魔法师4次以上（允许重复） , 要求 mob_kill:0,
3047000, battle , boss , [黑魔法师]真正的解放 , [黑魔法师]以6人组队模式用反抗者消灭黑魔法师4次以上（允许重复） , 要求 mob_kill:0,
3048000, battle , boss , [觉醒希拉]复仇是我的事 , 用4转以上恶魔猎手或恶魔复仇者职业对觉醒希拉造成最多伤害+最后一击 , 要求 mob_kill:0,
547000, battle , field , [怪物狩猎]狩猎的开始 ," 消灭10,000只等级范围怪物 ", 要求 mob_kill:0,
548000, battle , field , [怪物狩猎]熟悉的狩猎 ," 消灭200,000只等级范围怪物 ", 要求 mob_kill:0,
549000, battle , field , [怪物狩猎]猎人的本能 ," 消灭5,000,000只等级范围怪物 ", 要求 mob_kill:0,
550000, battle , field , [怪物狩猎]天下第一猎人 ," 消灭100,000,000只等级范围怪物 ", 要求 mob_kill:0,
551000, battle , field , 检查次数用 , 检查次数用 , 要求 mob_kill:0,
558000, battle , field , [怪物狩猎]这就是你我的差异 ," 在一个地图中不受攻击地消灭3,000只等级范围怪物 ", 要求 mob_kill:0,
559000, battle , field , [区域BOSS]这里谁是头目 , 消灭<红蜗牛王> , 要求 mob_kill:0,
559001, battle , field , [区域BOSS]这里谁是头目 , 消灭<蘑菇王> , 要求 mob_kill:0,
559002, battle , field , [区域BOSS]这里谁是头目 , 消灭<谢尔德> , 要求 mob_kill:0,
559003, battle , field , [区域BOSS]这里谁是头目 , 消灭<蓝蘑菇王> , 要求 mob_kill:0,
559004, battle , field , [区域BOSS]这里谁是头目 , 消灭<树妖王> , 要求 mob_kill:0,
559005, battle , field , [区域BOSS]这里谁是头目 , 消灭<多尔> , 要求 mob_kill:0,
559006, battle , field , [区域BOSS]这里谁是头目 , 消灭<雪山魔女> , 要求 mob_kill:0,
559007, battle , field , [区域BOSS]这里谁是头目 , 消灭<歇尔夫> , 要求 mob_kill:0,
559008, battle , field , [区域BOSS]这里谁是头目 , 消灭<提莫> , 要求 mob_kill:0,
559009, battle , field , [区域BOSS]这里谁是头目 , 消灭<大宇> , 要求 mob_kill:0,
559010, battle , field , [区域BOSS]这里谁是头目 , 消灭<艾利杰> , 要求 mob_kill:0,
559011, battle , field , [区域BOSS]这里谁是头目 , 消灭<陆陆猫> , 要求 mob_kill:0,
559012, battle , field , [区域BOSS]这里谁是头目 , 摧毁<未知的小吃店> , 要求 mob_kill:0,
559013, battle , field , [区域BOSS]这里谁是头目 , 摧毁<自动警备系统> , 要求 mob_kill:0,
559014, battle , field , [区域BOSS]这里谁是头目 , 消灭<肯德熊> , 要求 mob_kill:0,
559015, battle , field , [区域BOSS]这里谁是头目 , 消灭<妖怪禅师> , 要求 mob_kill:0,
559016, battle , field , [区域BOSS]这里谁是头目 , 消灭<蝙蝠怪> , 要求 mob_kill:0,
559017, battle , field , [区域BOSS]这里谁是头目 , 消灭<吉米拉> , 要求 mob_kill:0,
559018, battle , field , [区域BOSS]这里谁是头目 , 消灭<大王蜈蚣> , 要求 mob_kill:0,
559019, battle , field , [区域BOSS]这里谁是头目 , 消灭<驮狼雪人> , 要求 mob_kill:0,
559020, battle , field , [区域BOSS]这里谁是头目 , 消灭<黑山老妖> , 要求 mob_kill:0,
559021, battle , field , [区域BOSS]这里谁是头目 , 消灭<大海兽> , 要求 mob_kill:0,
559022, battle , field , [区域BOSS]这里谁是头目 , 消灭<青竹武士> , 要求 mob_kill:0,
559023, battle , field , [区域BOSS]这里谁是头目 , 消灭<变形树妖王> , 要求 mob_kill:0,
559024, battle , field , [区域BOSS]这里谁是头目 , 消灭<僵尸蘑菇王> , 要求 mob_kill:0,
559025, battle , field , [区域BOSS]这里谁是头目 , 消灭<绵羊酋长> , 要求 mob_kill:0,
560000, battle , field , [区域首领怪]消灭罕见怪物 , 消灭100只区域首领怪 , 要求 mob_kill:0,
561000, battle , field , [区域首领怪]消灭许多罕见怪物 ," 消灭1,000只区域首领怪 ", 要求 mob_kill:0,
562000, battle , field , [区域首领怪]消灭大批罕见怪物 ," 消灭10,000只区域首领怪 ", 要求 mob_kill:0,
563000, battle , field , [符文]挑选符文的趣味 , 使用<神速符文> , 要求 rune_stone_use_result_success:0,
563001, battle , field , [符文]挑选符文的趣味 , 使用<重生符文> , 要求 rune_stone_use_result_success:0,
563002, battle , field , [符文]挑选符文的趣味 , 使用<破灭符文> , 要求 rune_stone_use_result_success:0,
563003, battle , field , [符文]挑选符文的趣味 , 使用<雷之符文> , 要求 rune_stone_use_result_success:0,
563004, battle , field , [符文]挑选符文的趣味 , 使用<地震符文> , 要求 rune_stone_use_result_success:0,
563005, battle , field , [符文]挑选符文的趣味 , 使用<黑暗符文> , 要求 rune_stone_use_result_success:0,
563006, battle , field , [符文]挑选符文的趣味 , 使用<宝物符文> , 要求 rune_stone_use_result_success:0,
563007, battle , field , [符文]挑选符文的趣味 , 使用<超越符文> , 要求 rune_stone_use_result_success:0,
563008, battle , field , [符文]挑选符文的趣味 , 使用<贪欲符文> , 要求 rune_stone_use_result_success:0,
564000, battle , field , [符文]没有符文，都被我吃了！ , 成功使用100次符文 , 要求 rune_stone_use_result_success:0,
565000, battle , field , [符文]哔哔！符文上瘾！ ," 成功使用1,000次符文 ", 要求 rune_stone_use_result_success:0,
566000, battle , field , [符文]符文上瘾没药治 ," 成功使用10,000次符文 ", 要求 rune_stone_use_result_success:0,
567000, battle , field , 检查次数用 , 检查次数用 , 要求 rune_stone_use_result_success:0,
568000, battle , field , [符文]咕咚！ ," 利用雷鸣诱饵和雷之符文消灭1,000只怪物 ", 要求 mob_kill:0,
569000, battle , field , [符文]咕咚！咕噜咚！ ," 利用雷鸣诱饵和雷之符文消灭10,000只怪物 ", 要求 mob_kill:0,
570000, battle , field , 检查次数用 , 检查次数用 , 要求 mob_kill:0,
571000, battle , field , [符文]成为大人物 ," 利用地震符文效果消灭1,000只怪物 ", 要求 mob_kill:0,
572000, battle , field , [符文]一步之遥残酷史 ," 利用地震符文效果消灭10,000只怪物 ", 要求 mob_kill:0,
573000, battle , field , 检查次数用 , 检查次数用 , 要求 mob_kill:0,
574000, battle , field , [求爱之舞]群鸡起舞 , 群鸡起舞1 , 要求 script:0,
575000, battle , field , [求爱之舞]群鸡乱舞 , 群鸡起舞2 , 要求 script:0,
576000, battle , field , [求爱之舞]和我跳舞吧？ , 群鸡起舞3 , 要求 script:0,
577000, battle , field , 检查次数用 , 检查次数用 , 要求 script:0,
579000, battle , field , [鹰猎]菜鸟老鹰猎手 , 鹰猎1 , 菜鸟老鹰猎手 , 要求 script:0
580000, battle , field , [鹰猎]见习老鹰猎手 , 鹰猎2 , 见习老鹰猎手 , 要求 script:0
581000, battle , field , [鹰猎]熟练老鹰猎手 , 鹰猎3 , 熟练老鹰猎手 , 要求 script:0
582000, battle , field , 检查次数用 , 检查次数用 , 要求 script:0,
583000, battle , field , 神枪手 , [鹰猎]在鹰猎中用11发子弹获得1000分并领取奖励 , 要求 script:0,
584000, battle , field , [偷蛋]是我的不许抢 , [偷蛋]到达1层以上后领取奖励累计10次 , 要求 script:0,
585000, battle , field , [偷蛋]你的也是我的 , [偷蛋]到达1层以上后领取奖励累计100次 , 要求 script:0,
586000, battle , field , [偷蛋]你的是我的，我的还是我的 , [偷蛋]到达1层以上后领取奖励累计1000次 , 要求 script:0,
587000, battle , field , 检查次数用 , 检查次数用 , 要求 script:0,
588000, battle , field , [偷蛋]3.125%的奇迹 , [偷蛋]到达顶端 , 要求 script:0,
589000, battle , field , [悬赏狩猎]伸手不见五指 , [悬赏狩猎]进入悬赏狩猎10次 , 要求 script:0,
590000, battle , field , [悬赏狩猎]总是很昏暗 , [悬赏狩猎]进入悬赏狩猎100次 , 要求 script:0,
591000, battle , field , [悬赏狩猎]挥之不去的黑暗 , [悬赏狩猎]进入悬赏狩猎1000次 , 要求 script:0,
592000, battle , field , 检查次数用 , 检查次数用 , 要求 script:0,
593000, battle , field , [守卫城墙]你休想过去 , [守卫城墙]参加10次守卫城墙 , 要求 script:0,
594000, battle , field , [守卫城墙]休想通过 , [守卫城墙]参加100次守卫城墙 , 要求 script:0,
595000, battle , field , [守卫城墙]态度坚决 , [守卫城墙]参加1000次守卫城墙 , 要求 script:0,
596000, battle , field , 检查次数用 , 检查次数用 , 要求 script:0,
598000, battle , field , [火焰狼]狼来啦！ , [火焰狼]参加突袭后领取奖励达到10次 , 要求 script:0,
599000, battle , field , [火焰狼]狼又来啦！ , [火焰狼]参加突袭后领取奖励达到100次 , 要求 script:0,
600000, battle , field , [火焰狼]狼真的来了！ , [火焰狼]参加突袭后领取奖励达到1000次 , 要求 script:0,
601000, battle , field , 检查次数用 , 检查次数用 , 要求 script:0,
602000, battle , field , [火焰狼]时好时坏 , 达到普通伤害等级后领取奖励 , 要求 script:0,
602001, battle , field , [火焰狼]时好时坏 , 达到巨大伤害等级后领取奖励 , 要求 script:0,
602002, battle , field , [火焰狼]时好时坏 , 达到惊人伤害等级后领取奖励 , 要求 script:0,
602003, battle , field , [火焰狼]时好时坏 , 达到致命伤害等级后领取奖励 , 要求 script:0,
603000, battle , field , [火焰狼]吞噬火焰的猎手 , [火焰狼]给火焰狼最后一击 , 要求 script:0,
606000, battle , field , 火热的兄弟情 , 恶魔猎手 , 恶魔复仇者 , 要求 mob_kill:0
606001, battle , field , 火热的兄弟情 , 恶魔复仇者 , 恶魔猎手 , 要求 mob_kill:0
607000, battle , field , [突发任务]危机应对能力A+ , 完成<消灭100只等级范围怪物> , 要求 suddenmission_complete:0,
607001, battle , field , [突发任务]危机应对能力A+ , 完成<消灭200只等级范围怪物> , 要求 suddenmission_complete:0,
607002, battle , field , [突发任务]危机应对能力A+ , 完成<消灭300只等级范围怪物> , 要求 suddenmission_complete:0,
607003, battle , field , [突发任务]危机应对能力A+ , 完成<区域怪物狩猎中达成100连击> , 要求 suddenmission_complete:0,
607004, battle , field , [突发任务]危机应对能力A+ , 完成<区域怪物狩猎中达成200连击> , 要求 suddenmission_complete:0,
607005, battle , field , [突发任务]危机应对能力A+ , 完成<区域怪物狩猎中达成300连击> , 要求 suddenmission_complete:0,
607006, battle , field , [突发任务]危机应对能力A+ , 完成<怪物狩猎中发动15次多连杀> , 要求 suddenmission_complete:0,
607007, battle , field , [突发任务]危机应对能力A+ , 完成<怪物狩猎中发动25次多连杀> , 要求 suddenmission_complete:0,
607008, battle , field , [突发任务]危机应对能力A+ , 完成<怪物狩猎中发动50次多连杀> , 要求 suddenmission_complete:0,
607009, battle , field , [突发任务]危机应对能力A+ , 完成<触发1次区域内生成的符文、诱饵> , 要求 suddenmission_complete:0,
607010, battle , field , [突发任务]危机应对能力A+ , 完成<前往斗燃地区> , 要求 suddenmission_complete:0,
607011, battle , field , [突发任务]危机应对能力A+ , 完成<消灭1只精英怪物> , 要求 suddenmission_complete:0,
607012, battle , field , [突发任务]危机应对能力A+ , 完成<消灭2只精英怪物> , 要求 suddenmission_complete:0,
607013, battle , field , [突发任务]危机应对能力A+ , 完成<消灭3只精英怪物> , 要求 suddenmission_complete:0,
607014, battle , field , [突发任务]危机应对能力A+ , 完成<通关1次火焰狼巢穴> , 要求 suddenmission_complete:0,
607015, battle , field , [突发任务]危机应对能力A+ , 完成<帮助赏金猎人兄弟1次> , 要求 suddenmission_complete:0,
607016, battle , field , [突发任务]危机应对能力A+ , 完成<使用1次区域内的隐藏传送口> , 要求 suddenmission_complete:0,
608000, battle , field , [突发任务]一获万金 , 通过突发任务奖励获得1亿金币 , 要求 suddenmission_reward:0,
609000, battle , field , [突发任务]Mission CWAL , 在10秒内完成突发任务 , 要求 suddenmission_complete:0,
610000, battle , field , [突发任务]超级间谍 , 完成10次突发任务 , 要求 suddenmission_complete:0,
611000, battle , field , [突发任务]任务成功 , 完成100次突发任务 , 要求 suddenmission_complete:0,
612000, battle , field , [突发任务]毫不手软 , 完成1000次突发任务 , 要求 suddenmission_complete:0,
613000, battle , field , 检查次数用 , 检查次数用 , 要求 suddenmission_complete:0,
614000, battle , field , [连续击杀]一口气打出9999连击 , 完成9999连击 , 要求 combokill_increse:0,
615000, battle , field , [连续击杀]是9999没错啊…… , 达成99次101连击 , 要求 combokill_increse:0,
616000, battle , field , [连续击杀]蓝色真好吃！ ," 获得1,000次蓝色连击珠 ", 要求 combokill_get_marble:0,
617000, battle , field , [连续击杀]紫色真好吃！ ," 获得1,000次紫色连击珠 ", 要求 combokill_get_marble:0,
618000, battle , field , [连续击杀]红色真好吃！ ," 获得1,000次红色连击珠 ", 要求 combokill_get_marble:0,
619000, battle , field , [连续击杀]黄色真好吃！ ," 获得1,000次黄色连击珠 ", 要求 combokill_get_marble:0,
620000, battle , field , [多连杀]真刺激！ ," 多连杀累计达到1,000次 ", 要求 multikill:0,
621000, battle , field , [多连杀]总是有新感受！ ," 多连杀累计达到10,000次 ", 要求 multikill:0,
622000, battle , field , [多连杀]三连杀最棒！ ," 多连杀累计达到100,000次 ", 要求 multikill:0,
623000, battle , field , 检查次数用 , 检查次数用 , 要求 multikill:0,
624000, battle , field , [多连杀]1击10伤是多连杀的基本 , 达成1000次10只以上多连杀 , 要求 multikill:0,
626000, battle , field , [精英怪物]消灭大型怪物 , 消灭100只精英怪物 , 要求 mob_kill:0,
627000, battle , field , [精英怪物]消灭许多大型怪物 ," 消灭1,000只精英怪物 ", 要求 mob_kill:0,
628000, battle , field , [精英怪物]消灭大批大型怪物 ," 消灭10,000只精英怪物 ", 要求 mob_kill:0,
629000, battle , field , 检查次数用 , 检查次数用 , 要求 mob_kill:0,
630000, battle , field , [精英BOSS]消灭所有特殊怪物 , 消灭<黑骑士莫卡丁> , 要求 mob_kill:0,
630001, battle , field , [精英BOSS]消灭所有特殊怪物 , 消灭<疯狂魔法师卡里亚恩> , 要求 mob_kill:0,
630002, battle , field , [精英BOSS]消灭所有特殊怪物 , 消灭<突击型CQ57> , 要求 mob_kill:0,
630003, battle , field , [精英BOSS]消灭所有特殊怪物 , 消灭<人类猎人朱莉娅> , 要求 mob_kill:0,
630004, battle , field , [精英BOSS]消灭所有特殊怪物 , 消灭<猎人弗雷德> , 要求 mob_kill:0,
631000, battle , field , [精英首领怪]消灭特殊怪物 , 消灭10次精英首领怪 , 要求 mob_kill:0,
632000, battle , field , [精英首领怪]消灭许多特殊怪物 , 消灭100次精英首领怪 , 要求 mob_kill:0,
633000, battle , field , [精英首领怪]消灭大批特殊怪物 ," 消灭1,000次精英首领怪 ", 要求 mob_kill:0,
634000, battle , field , 检查次数用 , 检查次数用 , 要求 mob_kill:0,
635000, battle , field , 奇迹般地幸存 , 受到超过50%血量以上的伤害，留下1点血量并存活 , 要求 user_hit:0,
1377000, battle , field , 检查次数用 , 检查次数用 , 要求 mob_kill:0,
1378000, battle , field , 检查次数用 , 检查次数用 , 要求 combokill_get_marble:0,
1379000, battle , field , 检查次数用 , 检查次数用 , 要求 combokill_get_marble:0,
1380000, battle , field , 检查次数用 , 检查次数用 , 要求 combokill_get_marble:0,
1381000, battle , field , 检查次数用 , 检查次数用 , 要求 combokill_get_marble:0,
1382000, battle , field , [连续击杀]热爱连击 , 热爱连击 , 要求 combokill_increse:0,
1383000, battle , field , 检查次数用 , 检查次数用 , 要求 combokill_increse:0,
1384000, battle , field , 检查次数用 , 检查次数用 , 要求 multikill:0,
3012000, battle , field , [暴风之翼]给我站住 , 消灭50只暴风之翼 , 要求 mob_kill:0,
3013000, battle , field , [暴风之翼]老练的搜查者 , 消灭500只暴风之翼 , 要求 mob_kill:0,
3014000, battle , field , [暴风之翼]顶尖搜查者 , 消灭5000只暴风之翼 , 要求 mob_kill:0,
3015000, battle , field , 暴风之翼消灭次数检查(3012/3013/3014母体) , 暴风之翼消灭次数检查(3012/3013/3014母体) , 要求 mob_kill:0,
3016000, battle , field , [暴风之翼]你怎么从那里冒出来……？ , 在惹事精暴风之翼中消灭驮狼雪人 , 要求 mob_kill:0,
837000, battle , loot , [核心宝石]视石如金 , 从神秘河地区的怪物处获得10个核心宝石 , 要求 pickup_mob_reward_item:0,
838000, battle , loot , [核心宝石]仿佛是石块 , 从神秘河地区的怪物处获得100个核心宝石 , 要求 pickup_mob_reward_item:0,
839000, battle , loot , [核心宝石]宝石富翁 ," 从神秘河地区的怪物处获得1,000个核心宝石 ", 要求 pickup_mob_reward_item:0,
840000, battle , loot , 检查次数用 , 检查次数用 , 要求 pickup_mob_reward_item:0,
841000, battle , loot , [神秘徽章]晶莹剔透 , 从神秘河地区的怪物处获得10个徽章 , 要求 pickup_mob_reward_item:0,
842000, battle , loot , [神秘徽章]好吃吧！ , 从神秘河地区的怪物处获得100个徽章 , 要求 pickup_mob_reward_item:0,
843000, battle , loot , [神秘徽章]三斗珠子 ," 从神秘河地区的怪物处获得1,000个徽章 ", 要求 pickup_mob_reward_item:0,
844000, battle , loot , 检查次数用 , 检查次数用 , 要求 pickup_mob_reward_item:0,
845000, battle , loot , [金币]一点零钱 , 通过狩猎累计获得100万以上金币 , 要求 pickup_mob_reward_meso:0,
846000, battle , loot , [金币]筹集大钱 , 通过狩猎累计获得1亿以上金币 , 要求 pickup_mob_reward_meso:0,
847000, battle , loot , [金币]积少成多 , 通过狩猎累计获得100亿金币 , 要求 pickup_mob_reward_meso:0,
848000, battle , loot , 检查次数用 , 检查次数用 , 要求 pickup_mob_reward_meso:0,
849000, battle , loot , [金币]好运的一天 , 通过狩猎获得777金币 , 要求 pickup_mob_reward_meso:0,
850000, battle , loot , [装备获取]旧物回收 , 消灭怪物后获得超过100个装备 , 要求 pickup_mob_reward_item:0,
851000, battle , loot , [装备获取]穷二代 , 消灭怪物后获得超过1000个装备 , 要求 pickup_mob_reward_item:0,
852000, battle , loot , [装备获取]人形真空吸尘器 , 消灭怪物后获得超过10000个装备 , 要求 pickup_mob_reward_item:0,
853000, battle , loot , 检查次数用 , 检查次数用 , 要求 pickup_mob_reward_item:0,
854000, battle , loot , [阿卡伊勒]统治者吊坠是我的！ , 从阿卡伊勒处获得统治者吊坠 , 要求 pickup_mob_reward_item:0,
855000, battle , loot , [斯乌]黑色心脏是我的！ , 在斯乌处获得破损的黑色心脏 , 要求 pickup_mob_reward_item:0,
856000, battle , loot , [戴米安]毁灭军团盾是我的！ , 从戴米安处获得毁灭军团盾 , 要求 pickup_mob_reward_item:0,
857000, battle , loot , [路西德]梦幻腰带是我的！ , 从路西德处获得梦幻腰带 , 要求 pickup_mob_reward_item:0,
858000, battle , loot , [麦格纳斯]凯瑟利安，你是我的！ , 从麦格纳斯处获得被诅咒的凯瑟利安 , 要求 pickup_mob_reward_item:0,
859000, battle , loot , [觉醒希拉]痛苦根源是我的！ , 在觉醒希拉处获得痛苦根源 , 要求 pickup_mob_reward_item:0,
860000, battle , loot , [戴米安]蕴藏魔力的眼罩是我的！ , 在戴米安处获得蕴藏魔力的眼罩 , 要求 pickup_mob_reward_item:0,
861000, battle , loot , 没有S级就头晕 , 消灭怪物后获得S级潜能装备 , 要求 pickup_mob_reward_item:0,
862000, battle , loot , [声望]先出名要紧 ," 通过消灭怪物及首领怪累计获得10,000以上的声望 ", 要求 script:0,
863000, battle , loot , [声望]有名万事都好说 ," 通过消灭怪物及首领怪累计获得100,000以上的声望 ", 要求 script:0,
864000, battle , loot , [声望]人们只看名气 ," 通过消灭怪物及首领怪累计获得1,000,000以上的声望 ", 要求 script:0,
865000, battle , loot , 检查次数用 , 检查次数用 , 要求 script:0,
866000, battle , loot , [威尔]被诅咒的魔道书是我的！ , 在威尔处获得被诅咒的魔道书 , 要求 pickup_mob_reward_item:0,
867000, battle , loot , [斯乌]失控机械标记是我的！ , 在斯乌处获得失控机械标记 , 要求 pickup_mob_reward_item:0,
869000, battle , loot , [黑魔法师]创世徽章是我的！ , 在黑魔法师处获得创世徽章 , 要求 pickup_mob_reward_item:0,
1410000, event , seaSideOutLaw , 开始即是成功了一半 , 和甘迪对话，初次探访抢滩斗士“孤岛” , 要求 quest_qrex_change:0,
1411000, event , seaSideOutLaw , 嚣张横行 , 在孤岛上累计消灭超过300名的敌对暴徒 , 要求 script:0,
1412000, event , seaSideOutLaw , 无法抵挡 , 在孤岛上累计消灭超过500名的敌对暴徒 , 要求 script:0,
1413000, event , seaSideOutLaw , 再接再厉！ , 10天内达到5级以上，玩游戏超过1次 , 要求 script:0,
1414000, event , seaSideOutLaw , 准备得还欠火候！ , 单一游戏得分达到1000分以上 , 要求 script:0,
1415000, event , seaSideOutLaw , 准备就绪 , 单一游戏得分达到5000分以上 , 要求 script:0,
1416000, event , seaSideOutLaw , 王冠的游戏 , 在抢滩斗士中达到15级 , 要求 script:0,
1417000, event , seaSideOutLaw , 千里之行始于足下 ," 在抢滩斗士中累计获得游戏得分35,000分以上 ", 要求 script:0,
1418000, event , seaSideOutLaw , 先热身吧！ ," 在抢滩斗士中累计获得游戏得分100,000分以上 ", 要求 script:0,
1419000, event , seaSideOutLaw , 永恒的海滨之战 ," 在抢滩斗士中累计获得游戏得分200,000分以上 ", 要求 script:0,
1420000, event , seaSideOutLaw , 你的手指还好吗？ ," 在抢滩斗士中累计获得游戏得分250,000分以上 ", 要求 script:0,
1421000, event , seaSideOutLaw , 海滨霸主 , 完成<开始即是成功了一半>成就 , 要求 achievement_state_change:0,
1421001, event , seaSideOutLaw , 海滨霸主 , 完成<嚣张横行>成就 , 要求 achievement_state_change:0,
1421002, event , seaSideOutLaw , 海滨霸主 , 完成<无法抵挡>成就 , 要求 achievement_state_change:0,
1421003, event , seaSideOutLaw , 海滨霸主 , 完成<再接再厉！>成就 , 要求 achievement_state_change:0,
1421004, event , seaSideOutLaw , 海滨霸主 , 完成<准备得还欠火候！>成就 , 要求 achievement_state_change:0,
1421005, event , seaSideOutLaw , 海滨霸主 , 完成<准备就绪>成就 , 要求 achievement_state_change:0,
1421006, event , seaSideOutLaw , 海滨霸主 , 完成<王冠的游戏>成就 , 要求 achievement_state_change:0,
1421007, event , seaSideOutLaw , 海滨霸主 , 完成<千里之行始于足下>成就 , 要求 achievement_state_change:0,
1421008, event , seaSideOutLaw , 海滨霸主 , 完成<先热身吧！>成就 , 要求 achievement_state_change:0,
1421009, event , seaSideOutLaw , 海滨霸主 , 完成<永恒的海滨之战>成就 , 要求 achievement_state_change:0,
1421010, event , seaSideOutLaw , 海滨霸主 , 完成<你的手指还好吗？>成就 , 要求 achievement_state_change:0,
1400000, event , summerPhotoCard , 无法摆脱的 , 获得SS级希纳斯卡片 , 要求 quest_qrex_change:0,
1400001, event , summerPhotoCard , 无法摆脱的 , 获得SS级南哈特卡片 , 要求 quest_qrex_change:0,
1401000, event , summerPhotoCard , 黑漆麻乌 , 获得SS级伊卡尔特卡片 , 要求 quest_qrex_change:0,
1401001, event , summerPhotoCard , 黑漆麻乌 , 获得SS级唤灵斗师卡片 , 要求 quest_qrex_change:0,
1402000, event , summerPhotoCard , 争执 , 获得SS级南哈特卡片 , 要求 quest_qrex_change:0,
1402001, event , summerPhotoCard , 争执 , 获得SS级吉格蒙特卡片 , 要求 quest_qrex_change:0,
1403000, event , summerPhotoCard , 比夏日更火热的 , 获得SS级奥兹卡片 , 要求 quest_qrex_change:0,
1403001, event , summerPhotoCard , 比夏日更火热的 , 获得SS级爆破手卡片 , 要求 quest_qrex_change:0,
1404000, event , summerPhotoCard , 地火风首领冒险岛 , 获得SS级吉格蒙特卡片 , 要求 quest_qrex_change:0,
1404001, event , summerPhotoCard , 地火风首领冒险岛 , 获得SS级奥兹卡片 , 要求 quest_qrex_change:0,
1404002, event , summerPhotoCard , 地火风首领冒险岛 , 获得SS级伊莉娜卡片 , 要求 quest_qrex_change:0,
1405000, event , summerPhotoCard , 反差萌 , 获得SS级南哈特卡片 , 要求 quest_qrex_change:0,
1405001, event , summerPhotoCard , 反差萌 , 获得SS级米哈尔卡片 , 要求 quest_qrex_change:0,
1405002, event , summerPhotoCard , 反差萌 , 获得SS级切奇卡片 , 要求 quest_qrex_change:0,
1406000, event , summerPhotoCard , 喜.欢.动.物 , 获得SS级胡克卡片 , 要求 quest_qrex_change:0,
1406001, event , summerPhotoCard , 喜.欢.动.物 , 获得SS级豹弩游侠卡片 , 要求 quest_qrex_change:0,
1406002, event , summerPhotoCard , 喜.欢.动.物 , 获得SS级切奇卡片 , 要求 quest_qrex_change:0,
1422000, event , 戒指王 , 背包中获得5种活动戒指 , 获得<SS级大师宝石戒指> , 要求 quest_qrex_change:0,
1422002, event , 戒指王 , 背包中获得5种活动戒指 , 获得<集合之戒> , 要求 quest_qrex_change:0,
1422003, event , 戒指王 , 背包中获得5种活动戒指 , 获得<宇宙戒指> , 要求 quest_qrex_change:0,
1422004, event , 戒指王 , 背包中获得5种活动戒指 , 获得<复仇戒指> , 要求 quest_qrex_change:0,
1422005, event , 戒指王 , 背包中获得5种活动戒指 , 获得<“完成”玛瑙戒指> , 要求 quest_qrex_change:0,
1000, general , general , 冒险岛成就的开始 , 开启冒险岛成就 , 要求 script:0,
2000, general , general , [每日礼物]这个月我承包了 , 领取本月所有每日礼物 , 要求 dailygift_get_reward:0,
3000, general , general , [每日礼物]礼物满满的一年 , 领取1月份所有每日礼物 , 要求 dailygift_get_reward:0,
3001, general , general , [每日礼物]礼物满满的一年 , 领取2月份所有每日礼物 , 要求 dailygift_get_reward:0,
3002, general , general , [每日礼物]礼物满满的一年 , 领取3月份所有每日礼物 , 要求 dailygift_get_reward:0,
3003, general , general , [每日礼物]礼物满满的一年 , 领取4月份所有每日礼物 , 要求 dailygift_get_reward:0,
3004, general , general , [每日礼物]礼物满满的一年 , 领取5月份所有每日礼物 , 要求 dailygift_get_reward:0,
3005, general , general , [每日礼物]礼物满满的一年 , 领取6月份所有每日礼物 , 要求 dailygift_get_reward:0,
3006, general , general , [每日礼物]礼物满满的一年 , 领取7月份所有每日礼物 , 要求 dailygift_get_reward:0,
3007, general , general , [每日礼物]礼物满满的一年 , 领取8月份所有每日礼物 , 要求 dailygift_get_reward:0,
3008, general , general , [每日礼物]礼物满满的一年 , 领取9月份所有每日礼物 , 要求 dailygift_get_reward:0,
3009, general , general , [每日礼物]礼物满满的一年 , 领取10月份所有每日礼物 , 要求 dailygift_get_reward:0,
3010, general , general , [每日礼物]礼物满满的一年 , 领取11月份所有每日礼物 , 要求 dailygift_get_reward:0,
3011, general , general , [每日礼物]礼物满满的一年 , 领取12月份所有每日礼物 , 要求 dailygift_get_reward:0,
4000, general , general , [每日礼物]熟悉的登录 , 获得100次每日礼物 , 要求 dailygift_get_reward:0,
5000, general , general , [每日礼物]登录大师 , 获得500次每日礼物 , 要求 dailygift_get_reward:0,
6000, general , general , [每日礼物]可靠的移动升降台 , 获得1000次每日礼物 , 要求 dailygift_get_reward:0,
7000, general , general , 获得最大数量的每日礼物 , 获得最大数量的每日礼物 , 要求 dailygift_get_reward:0,
21000, general , general , [缝纫机]见习裁缝 , 缝纫机合成10次 , 要求 master_piece_success:0,
22000, general , general , [缝纫机]专业裁缝 , 缝纫机合成100次 , 要求 master_piece_success:0,
23000, general , general , [缝纫机]顶尖裁缝 , 缝纫机合成1000次 , 要求 master_piece_success:0,
24000, general , general , 缝纫机合成最大次数 , 缝纫机合成最大次数 , 要求 master_piece_success:0,
25000, general , general , [缝纫机]红标目录 , 通过缝纫机合成获得红标 , 要求 master_piece_success:0,
26000, general , general , [缝纫机]黑标目录 , 通过缝纫机合成获得黑标 , 要求 master_piece_success:0,
27000, general , general , [缝纫机]马拉贝尔先生 , 通过缝纫机合成获得大师标 , 要求 master_piece_success:0,
31000, general , general , 记得你喝过多少药水吗？ ," 消耗超级药水恢复血量10,000次以上（恢复1点以上） ", 要求 item_use:0,
32000, general , general , 开饭啦~咕咕咕咕 ," 宠物饱腹度减少时亲自喂食10,000次 ", 要求 item_use:0,
34000, growth , level , 同龄冒险岛好友 , 4月29日与冒险岛共同进行周年升级 , 要求 user_lvup:0,
36000, growth , level , 莫比乌斯升级 , 英雄10次达到200级 , 要求 user_lvup:0,
36001, growth , level , 莫比乌斯升级 , 圣骑士10次达到200级 , 要求 user_lvup:0,
36002, growth , level , 莫比乌斯升级 , 黑骑士10次达到200级 , 要求 user_lvup:0,
36003, growth , level , 莫比乌斯升级 , 火毒魔导师10次达到200级 , 要求 user_lvup:0,
36004, growth , level , 莫比乌斯升级 , 冰雷魔导师10次达到200级 , 要求 user_lvup:0,
36005, growth , level , 莫比乌斯升级 , 主教10次达到200级 , 要求 user_lvup:0,
36006, growth , level , 莫比乌斯升级 , 神射手10次达到200级 , 要求 user_lvup:0,
36007, growth , level , 莫比乌斯升级 , 箭神10次达到200级 , 要求 user_lvup:0,
36008, growth , level , 莫比乌斯升级 , 纳罗10次达到200级 , 要求 user_lvup:0,
36009, growth , level , 莫比乌斯升级 , 侠盗10次达到200级 , 要求 user_lvup:0,
36010, growth , level , 莫比乌斯升级 , 暗影双刀10次达到200级 , 要求 user_lvup:0,
36011, growth , level , 莫比乌斯升级 , 冲锋队长10次达到200级 , 要求 user_lvup:0,
36012, growth , level , 莫比乌斯升级 , 船长10次达到200级 , 要求 user_lvup:0,
36013, growth , level , 莫比乌斯升级 , 火炮手10次达到200级 , 要求 user_lvup:0,
36014, growth , level , 莫比乌斯升级 , 魂骑士10次达到200级 , 要求 user_lvup:0,
36015, growth , level , 莫比乌斯升级 , 烈焰法师10次达到200级 , 要求 user_lvup:0,
36016, growth , level , 莫比乌斯升级 , 风灵使者10次达到200级 , 要求 user_lvup:0,
36017, growth , level , 莫比乌斯升级 , 纳温10次达到200级 , 要求 user_lvup:0,
36018, growth , level , 莫比乌斯升级 , 奇袭者10次达到200级 , 要求 user_lvup:0,
36019, growth , level , 莫比乌斯升级 , 战神10次达到200级 , 要求 user_lvup:0,
36020, growth , level , 莫比乌斯升级 , 龙神10次达到200级 , 要求 user_lvup:0,
36021, growth , level , 莫比乌斯升级 , 双弩精灵10次达到200级 , 要求 user_lvup:0,
36022, growth , level , 莫比乌斯升级 , 幻影10次达到200级 , 要求 user_lvup:0,
36023, growth , level , 莫比乌斯升级 , 夜光法师10次达到200级 , 要求 user_lvup:0,
36024, growth , level , 莫比乌斯升级 , 隐月10次达到200级 , 要求 user_lvup:0,
36025, growth , level , 莫比乌斯升级 , 恶魔猎手10次达到200级 , 要求 user_lvup:0,
36026, growth , level , 莫比乌斯升级 , 恶魔复仇者10次达到200级 , 要求 user_lvup:0,
36027, growth , level , 莫比乌斯升级 , 唤灵斗师10次达到200级 , 要求 user_lvup:0,
36028, growth , level , 莫比乌斯升级 , 豹弩游侠10次达到200级 , 要求 user_lvup:0,
36029, growth , level , 莫比乌斯升级 , 机械师10次达到200级 , 要求 user_lvup:0,
36030, growth , level , 莫比乌斯升级 , 尖兵10次达到200级 , 要求 user_lvup:0,
36031, growth , level , 莫比乌斯升级 , 爆破手10次达到200级 , 要求 user_lvup:0,
36032, growth , level , 莫比乌斯升级 , 米哈尔10次达到200级 , 要求 user_lvup:0,
36033, growth , level , 莫比乌斯升级 , 狂龙战士10次达到200级 , 要求 user_lvup:0,
36034, growth , level , 莫比乌斯升级 , 卡德娜10次达到200级 , 要求 user_lvup:0,
36035, growth , level , 莫比乌斯升级 , 爆莉萌天使10次达到200级 , 要求 user_lvup:0,
36036, growth , level , 莫比乌斯升级 , 神之子10次达到200级 , 要求 user_lvup:0,
36037, growth , level , 莫比乌斯升级 , 超能力者10次达到200级 , 要求 user_lvup:0,
36038, growth , level , 莫比乌斯升级 , 伊利温达成200级10次 , 要求 user_lvup:0,
36039, growth , level , 莫比乌斯升级 , 影魂异人200级达成10次. , 要求 user_lvup:0,
36040, growth , level , 莫比乌斯升级 , ??? 200?? 10? ?? , 要求 user_lvup:0,
36041, growth , level , 莫比乌斯升级 , ?? 200?? 10? ?? , 要求 user_lvup:0,
36042, growth , level , 莫比乌斯升级 , ?? 200?? 10? ?? , 要求 user_lvup:0,
36043, growth , level , 莫比乌斯升级 , ?????? 200?? 10? ?? , 要求 user_lvup:0,
37000, growth , level , [升级]我达到50级啦！ , 达到50级 , 要求 user_lvup:0,
38000, growth , level , [升级]我达到100级啦！ , 达到100级 , 要求 user_lvup:0,
39000, growth , level , [升级]我达到150级啦！ , 达到150级 , 要求 user_lvup:0,
40000, growth , level , [升级]我达到200级啦！ , 达到200级 , 要求 user_lvup:0,
41000, growth , level , [升级]我达到210级啦！ , 达到210级以上 , 要求 user_lvup:0,
42000, growth , level , [升级]我达到220级啦！ , 达到220级以上 , 要求 user_lvup:0,
43000, growth , level , [升级]我达到230级啦！ , 达到230级以上 , 要求 user_lvup:0,
44000, growth , level , [升级]我达到240级啦！ , 达到240级以上 , 要求 user_lvup:0,
45000, growth , level , [升级]我达到250级啦！ , 达到250级 , 要求 user_lvup:0,
46000, growth , level , 不是传说而是传奇Ⅰ , 作为战士职业群达到250级 , 要求 user_lvup:0,
46001, growth , level , 不是传说而是传奇Ⅰ , 作为魔法师职业群达到250级 , 要求 user_lvup:0,
46002, growth , level , 不是传说而是传奇Ⅰ , 作为弓箭手职业群达到250级 , 要求 user_lvup:0,
46003, growth , level , 不是传说而是传奇Ⅰ , 作为飞侠职业群达到250级（包含尖兵） , 要求 user_lvup:0,
46004, growth , level , 不是传说而是传奇Ⅰ , 作为海盗职业群达到250级（未包含尖兵） , 要求 user_lvup:0,
47000, growth , level , [新手]似是而非的新手 , 以新手/初心者/市民职业达到200级 , 要求 user_lvup:0,
48000, growth , level , [新手]不要再小看新手 , 以新手/初心者/市民职业达到250级 , 要求 user_lvup:0,
50000, growth , level , [升级]我居然达到了255级！ , [升级]255级达成 , 要求 user_lvup:0,
51000, growth , level , [升级]我居然达到了260级！ , [升级]260级达成 , 要求 user_lvup:0,
52000, growth , level , [升级]我居然达到了265级！ , [升级]265级达成 , 要求 user_lvup:0,
53000, growth , level , [升级]我居然达到了270级！ , [升级]260级达成 , 要求 user_lvup:0,
54000, growth , level , [升级]我居然达到了275级！ , [升级]275级达成 , 要求 user_lvup:0,
55000, growth , level , 不是传说而是传奇Ⅱ , 作为战士职业群达到最高等级 , 要求 user_lvup:0,
55001, growth , level , 不是传说而是传奇Ⅱ , 作为魔法师职业群达到最高等级 , 要求 user_lvup:0,
55002, growth , level , 不是传说而是传奇Ⅱ , 作为弓箭手职业群达到最高等级 , 要求 user_lvup:0,
55003, growth , level , 不是传说而是传奇Ⅱ , 作为飞侠职业群达到最高等级（包含尖兵） , 要求 user_lvup:0,
55004, growth , level , 不是传说而是传奇Ⅱ , 作为海盗职业群达到最高等级（未包含尖兵） , 要求 user_lvup:0,
143000, growth , makingSkill , [采药]新手采参人 , 采药达到1级以上 , 要求 makingskill_lvup:0,
144000, growth , makingSkill , [采药]中级采参人 , 采药达到5级以上 , 要求 makingskill_lvup:0,
145000, growth , makingSkill , [采药]熟练采参人 , 采药达到10级 , 要求 makingskill_lvup:0,
146000, growth , makingSkill , [采矿]新手矿工 , 采矿达到1级以上 , 要求 makingskill_lvup:0,
147000, growth , makingSkill , [采矿]中级矿工 , 采矿达到5级以上 , 要求 makingskill_lvup:0,
148000, growth , makingSkill , [采矿]熟练矿工 , 采矿达到10级 , 要求 makingskill_lvup:0,
149000, growth , makingSkill , [炼金术]新手炼金术士 , 炼金术达到1级以上 , 要求 makingskill_lvup:0,
150000, growth , makingSkill , [炼金术]中级炼金术士 , 炼金术达到5级以上 , 要求 makingskill_lvup:0,
151000, growth , makingSkill , [炼金术]熟练炼金术士 , 炼金术达到10级以上 , 要求 makingskill_lvup:0,
152000, growth , makingSkill , [炼金术]炼金术巨匠 , 达到炼金术工匠以上级别 , 要求 makingskill_lvup:0,
153000, growth , makingSkill , [炼金术]传奇炼金术士 , 成为炼金术名匠 , 要求 makingskill_lvup:0,
154000, growth , makingSkill , [装备制作]新手铁匠 , 装备制作达到1级以上 , 要求 makingskill_lvup:0,
155000, growth , makingSkill , [装备制作]中级铁匠 , 装备制作达到5级以上 , 要求 makingskill_lvup:0,
156000, growth , makingSkill , [装备制作]熟练铁匠 , 装备制作达到10级以上 , 要求 makingskill_lvup:0,
157000, growth , makingSkill , [装备制作]装备制作巨匠 , 成为装备制作工匠 , 要求 makingskill_lvup:0,
158000, growth , makingSkill , [装备制作]传奇铁匠 , 成为装备制作名匠 , 要求 makingskill_lvup:0,
159000, growth , makingSkill , [饰品制作]新手加工师 , 饰品制作达到1级 , 要求 makingskill_lvup:0,
160000, growth , makingSkill , [饰品制作]中级加工师 , 饰品制作达到5级 , 要求 makingskill_lvup:0,
161000, growth , makingSkill , [饰品制作]熟练加工师 , 饰品制作达到10级 , 要求 makingskill_lvup:0,
162000, growth , makingSkill , [饰品制作]加工巨匠 , 成为饰品制作工匠 , 要求 makingskill_lvup:0,
163000, growth , makingSkill , [饰品制作]传奇加工师 , 成为饰品制作名匠 , 要求 makingskill_lvup:0,
164000, growth , makingSkill , 发现人参啦！ , 通过采集或采矿获得太初精髓 , 要求 pickup_reactor_reward_item:0,
165000, growth , makingSkill , [采药]初级精油调配师 , 采药, 制作100次初级物品（推荐等级1~4） , 要求 makingskill_making:0
166000, growth , makingSkill , [采药]中级精油调配师 , 采药, 制作100次中级物品（推荐等级5~9） , 要求 makingskill_making:0
167000, growth , makingSkill , [采药]高级精油调配师 , 采药, 制作100次高级物品（推荐等级9~10） , 要求 makingskill_making:0
168000, growth , makingSkill , [采矿]初级冶炼师 , 采矿, 制作100次初级物品（推荐等级1~4） , 要求 makingskill_making:0
169000, growth , makingSkill , [采矿]中级冶炼师 , 采矿, 制作100次中级物品（推荐等级5~9） , 要求 makingskill_making:0
170000, growth , makingSkill , [采矿]高级冶炼师 , 采矿, 制作100次高级物品（推荐等级9~10） , 要求 makingskill_making:0
171000, growth , makingSkill , [炼金术]初级炼金术技工 , 炼金术, 制作100次初级物品（推荐等级1~4） , 要求 makingskill_making:0
172000, growth , makingSkill , [炼金术]中级炼金术技工 , 炼金术, 制作100次中级物品（推荐等级5~9） , 要求 makingskill_making:0
173000, growth , makingSkill , [炼金术]高级炼金术技工 , 炼金术, 制作100次高级物品（推荐等级9~10） , 要求 makingskill_making:0
174000, growth , makingSkill , [炼金术]稀有炼金术技工 , 炼金术, 制作100次稀有物品（工匠~名匠） , 要求 makingskill_making:0
175000, growth , makingSkill , [装备制作]初级装备生产者 , 装备制作, 制作100次初级物品（推荐等级1~4） , 要求 makingskill_making:0
176000, growth , makingSkill , [装备制作]中级装备生产者 , 装备制作,制作100次中级物品（推荐等级5~8） , 要求 makingskill_making:0
177000, growth , makingSkill , [装备制作]高级装备生产者 , 装备制作, 制作100次高级物品（推荐等级9~10） , 要求 makingskill_making:0
178000, growth , makingSkill , [装备制作]稀有装备生产者 , 装备制作, 制作100次稀有物品（工匠~名匠） , 要求 makingskill_making:0
179000, growth , makingSkill , [饰品制作]初级饰品加工者 , 饰品制作, 制作100次初级物品（推荐等级1~4） , 要求 makingskill_making:0
180000, growth , makingSkill , [饰品制作]中级饰品加工者 , 饰品制作, 制作100次中级物品（推荐等级5~9） , 要求 makingskill_making:0
181000, growth , makingSkill , [饰品制作]高级饰品加工者 , 饰品制作, 制作100次高级物品（推荐等级9~10） , 要求 makingskill_making:0
182000, growth , makingSkill , [饰品制作]稀有饰品加工者 , 饰品制作, 制作100次稀有物品（工匠~名匠） , 要求 makingskill_making:0
183000, growth , makingSkill , [采药]采药的开始 , 执行100次采集 , 要求 makingskill_gather:0,
184000, growth , makingSkill , [采药]采药的定式 ," 执行1,000次采集 ", 要求 makingskill_gather:0,
185000, growth , makingSkill , [采药]采集专家 ," 执行10,000次采集 ", 要求 makingskill_gather:0,
186000, growth , makingSkill , 检查次数用 , 检查次数用 , 要求 makingskill_gather:0,
187000, growth , makingSkill , [采矿]采矿的开始 , 执行100次采矿 , 要求 makingskill_gather:0,
188000, growth , makingSkill , [采矿]采矿的定式 ," 执行1,000次采矿 ", 要求 makingskill_gather:0,
189000, growth , makingSkill , [采矿]采矿专家 ," 执行10,000次采矿 ", 要求 makingskill_gather:0,
190000, growth , makingSkill , 检查次数用 , 检查次数用 , 要求 makingskill_gather:0,
191000, growth , makingSkill , [分解]分解的开始 , 炼金术, 执行100次分解 , 要求 makingskill_decomposition:0
192000, growth , makingSkill , [分解]分解的定式 , 炼金术," 执行1,000次分解 ", 要求 makingskill_decomposition:0
193000, growth , makingSkill , [分解]专业分解师 , 炼金术," 执行10,000次分解 ", 要求 makingskill_decomposition:0
194000, growth , makingSkill , 检查次数用 , 检查次数用 , 要求 makingskill_decomposition:0,
195000, growth , makingSkill , [合成]合成的开始 , 炼金术, 执行100次合成 , 要求 makingskill_synthesize:0
196000, growth , makingSkill , [合成]合成的定式 , 炼金术," 执行1,000次合成 ", 要求 makingskill_synthesize:0
197000, growth , makingSkill , [合成]合成专家 , 炼金术," 执行10,000次合成 ", 要求 makingskill_synthesize:0
198000, growth , makingSkill , 检查次数用 , 检查次数用 , 要求 makingskill_synthesize:0,
201000, growth , makingSkill , [采药]手制药水入门 , 采药 , 制作物品100次 , 要求 makingskill_making:0
202000, growth , makingSkill , [采药]手制药水精通 , 采药 ," 制作物品1,000次 ", 要求 makingskill_making:0
203000, growth , makingSkill , 检查次数用 , 检查次数用 , 要求 makingskill_making:0,
204000, growth , makingSkill , [采矿]铸锭宝石入门 , 采矿," 制作物品1,000次 ", 要求 makingskill_making:0
205000, growth , makingSkill , [采矿]铸锭宝石精通 , 采矿," 制作物品1,000次 ", 要求 makingskill_making:0
206000, growth , makingSkill , 检查次数用 , 检查次数用 , 要求 makingskill_making:0,
207000, growth , makingSkill , [炼金术]手制药水入门 ," 通过炼金术制作物品成功1,000次 ", 要求 makingskill_making:0,
208000, growth , makingSkill , [炼金术]手制药水精通 , 炼金术," 制作物品1,000次 ", 要求 makingskill_making:0
209000, growth , makingSkill , 检查次数用 , 检查次数用 , 要求 makingskill_making:0,
210000, growth , makingSkill , [装备制作]手制装备入门 , 装备制作, 制作物品100次 , 要求 makingskill_making:0
211000, growth , makingSkill , [装备制作]手制装备精通 , 装备制作," 制作物品10,000次 ", 要求 makingskill_making:0
212000, growth , makingSkill , 检查次数用 , 检查次数用 , 要求 makingskill_making:0,
213000, growth , makingSkill , [饰品制作]手制饰品入门 , 饰品制作, 制作物品100次 , 要求 makingskill_making:0
214000, growth , makingSkill , [饰品制作]手制饰品精通 , 饰品制作," 制作物品1,000次 ", 要求 makingskill_making:0
215000, growth , makingSkill , 检查次数用 , 检查次数用 , 要求 makingskill_making:0,
216000, growth , makingSkill , [采药]芳香萦绕的一天 , 采药, 使用300点每日疲劳度 , 要求 makingskill_fatigue_inc:0
217000, growth , makingSkill , [采矿]叮铃哐啷的一天 , 采矿, 使用300点每日疲劳度 , 要求 makingskill_fatigue_inc:0
218000, growth , makingSkill , [炼金术]在药水与合成中度过一天 , 炼金术, 使用300点每日疲劳度 , 要求 makingskill_fatigue_inc:0
219000, growth , makingSkill , [装备制作]忙于生产装备的一天 , 装备制作, 使用300点每日疲劳度 , 要求 makingskill_fatigue_inc:0
220000, growth , makingSkill , [饰品制作]埋头研究饰品工艺的一天 , 饰品制作, 使用300点每日疲劳度 , 要求 makingskill_fatigue_inc:0
109000, growth , personality , [领导力]镜子中的我 , 领导力达到10级 , 要求 nc_stat_level_up:0,
110000, growth , personality , [领导力]与众不同 , 领导力达到50级 , 要求 nc_stat_level_up:0,
111000, growth , personality , [领导力]冒险岛主人公 , 领导力达到100级 , 要求 nc_stat_level_up:0,
112000, growth , personality , [领导力]今天的领导力已提升至极限 , 领导力每日经验值获得500以上 , 要求 nc_stat_exp_up:0,
115000, growth , personality , [感性]今天是快板 , 感性达到10级 , 要求 nc_stat_level_up:0,
116000, growth , personality , [感性]今天是渐强 , 感性达到50级 , 要求 nc_stat_level_up:0,
117000, growth , personality , [感性]稀世诗人 , 感性达到100级 , 要求 nc_stat_level_up:0,
118000, growth , personality , [感性]今天的感性已提升至极限 , 感性每日经验值获得500以上 , 要求 nc_stat_exp_up:0,
121000, growth , personality , [洞察力]我能看出你的性格 , 洞察力达到10级 , 要求 nc_stat_level_up:0,
122000, growth , personality , [洞察力]我能看出你的真心 , 洞察力达到50级 , 要求 nc_stat_level_up:0,
123000, growth , personality , [洞察力]冒险岛贤者 , 洞察力达到100级以上 , 要求 nc_stat_level_up:0,
124000, growth , personality , [洞察力]今天的洞察力已提升至极限 , 洞察力每日经验值获得500以上 , 要求 nc_stat_exp_up:0,
127000, growth , personality , [意志]顽强的意志 , 意志达到10级 , 要求 nc_stat_level_up:0,
128000, growth , personality , [意志]坚强的意志 , 意志达到50级 , 要求 nc_stat_level_up:0,
129000, growth , personality , [意志]意志坚定的冒险家 , 意志达到100级 , 要求 nc_stat_level_up:0,
130000, growth , personality , [意志]今天的意志已提升至极限 , 意志每日经验值获得500以上 , 要求 nc_stat_exp_up:0,
133000, growth , personality , [手技]手真巧 , 手技达到10级 , 要求 nc_stat_level_up:0,
134000, growth , personality , [手技]真有本事 , 手技达到50级 , 要求 nc_stat_level_up:0,
135000, growth , personality , [手技]千金不换的手 , 手技达到100级 , 要求 nc_stat_level_up:0,
136000, growth , personality , [手技]今天的手技已提升至极限 , 手技每日经验值获得500以上 , 要求 nc_stat_exp_up:0,
139000, growth , personality , [魅力]第一印象真不错^^ , 魅力达到10级 , 要求 nc_stat_level_up:0,
140000, growth , personality , [魅力]越看越有魅力 , 魅力达到50级 , 要求 nc_stat_level_up:0,
141000, growth , personality , [魅力]魅力满分 , 魅力达到100级 , 要求 nc_stat_level_up:0,
142000, growth , personality , [魅力]今天的魅力已提升至极限 , 魅力每日经验值获得量达到5000以上 , 要求 nc_stat_exp_up:0,
101000, growth , stat , [内在能力]感知到A级内在能力。 , 重设内在能力后达到A级 , 要求 ability_change:0,
102000, growth , stat , [内在能力]感知到S级内在能力。 , 重设内在能力后达到S级 , 要求 ability_change:0,
103000, growth , stat , [内在能力]感知到SS级内在能力。 , 重设内在能力后达到SS级 , 要求 ability_change:0,
104000, growth , stat , [内在能力]试着获取这个！ , 拥有<攻击速度提高1阶段> , 要求 ability_change:0,
104001, growth , stat , [内在能力]试着获取这个！ , 拥有<增益技能持续时间增加50%> , 要求 ability_change:0,
104002, growth , stat , [内在能力]试着获取这个！ , 拥有<攻击力或魔力提高30> , 要求 ability_change:0,
104003, growth , stat , [内在能力]试着获取这个！ , 拥有<道具掉落率增加20%> , 要求 ability_change:0,
104004, growth , stat , [内在能力]试着获取这个！ , 拥有<金币获得量增加20%> , 要求 ability_change:0,
104005, growth , stat , [内在能力]试着获取这个！ , 拥有<群攻技能的攻击对象增加1> , 要求 ability_change:0,
105000, growth , stat , [内在能力]空中楼阁 ," 累计消耗1,000,000声望 ", 要求 ability_change:0,
106000, growth , stat , [内在能力]不提当年勇 ," 累计消耗10,000,000声望 ", 要求 ability_change:0,
107000, growth , stat , [内在能力]一落千丈 ," 累计消耗100,000,000声望 ", 要求 ability_change:0,
108000, growth , stat , 声望消耗检查（105;106;107parents） , 声望消耗检查（105;106;107parents） , 要求 ability_change:0,
668000, item , collection , [乌鲁斯]过分的称号 , 获得霸王破灭者称号 , 要求 script:0,
914000, item , collection , [灵魂结晶]灵魂处理行家 ," 用灵魂技能消灭1,000只怪物 ", 要求 mob_kill:0,
915000, item , collection , [灵魂结晶]我的灵魂 ," 用灵魂技能消灭10,000只怪物 ", 要求 mob_kill:0,
916000, item , collection , [灵魂结晶]灵魂讨厌这个成就 ," 用灵魂技能消灭100,000只怪物 ", 要求 mob_kill:0,
917000, item , collection , 检查次数用 , 检查次数用 , 要求 mob_kill:0,
918000, item , collection , [灵魂结晶]我是来交换的 , 合成灵魂结晶碎片100次 , 要求 script:0,
919000, item , collection , [灵魂结晶]我是来交换的 , 合成灵魂结晶碎片1000次 , 要求 script:0,
920000, item , collection , [灵魂结晶]我是来交换的 ," 合成灵魂结晶碎片10,000次 ", 要求 script:0,
921000, item , collection , 检查次数用 , 检查次数用 , 要求 script:0,
922000, item , collection , [灵魂结晶]灵魂锻造者 , 合成<CQ57灵魂结晶碎片> , 要求 script:0,
922001, item , collection , [灵魂结晶]灵魂锻造者 , 合成<看守阿尼灵魂结晶碎片> , 要求 script:0,
922002, item , collection , [灵魂结晶]灵魂锻造者 , 合成<戴米安灵魂结晶碎片> , 要求 script:0,
922003, item , collection , [灵魂结晶]灵魂锻造者 , 合成<御龙魔灵魂结晶碎片> , 要求 script:0,
922005, item , collection , [灵魂结晶]灵魂锻造者 , 合成<莱克斯灵魂结晶碎片> , 要求 script:0,
922006, item , collection , [灵魂结晶]灵魂锻造者 , 合成<路西德的灵魂结晶碎片> , 要求 script:0,
922007, item , collection , [灵魂结晶]灵魂锻造者 , 合成<麦格纳斯灵魂结晶碎片> , 要求 script:0,
922008, item , collection , [灵魂结晶]灵魂锻造者 , 合成<莫卡丁灵魂结晶碎片> , 要求 script:0,
922009, item , collection , [灵魂结晶]灵魂锻造者 , 合成<武公灵魂结晶碎片> , 要求 script:0,
922010, item , collection , [灵魂结晶]灵魂锻造者 , 合成<班·雷昂灵魂结晶碎片> , 要求 script:0,
922011, item , collection , [灵魂结晶]灵魂锻造者 , 合成<半半灵魂结晶碎片> , 要求 script:0,
922012, item , collection , [灵魂结晶]灵魂锻造者 , 合成<蝙蝠怪灵魂结晶碎片> , 要求 script:0,
922013, item , collection , [灵魂结晶]灵魂锻造者 , 合成<贝伦灵魂结晶碎片> , 要求 script:0,
922014, item , collection , [灵魂结晶]灵魂锻造者 , 合成<血腥女王灵魂结晶碎片> , 要求 script:0,
922015, item , collection , [灵魂结晶]灵魂锻造者 , 合成<斯乌灵魂结晶碎片> , 要求 script:0,
922016, item , collection , [灵魂结晶]灵魂锻造者 , 合成<希纳斯灵魂结晶碎片> , 要求 script:0,
922017, item , collection , [灵魂结晶]灵魂锻造者 , 合成<阿卡伊勒灵魂结晶碎片> , 要求 script:0,
922018, item , collection , [灵魂结晶]灵魂锻造者 , 合成<艾菲尼娅灵魂结晶碎片> , 要求 script:0,
922019, item , collection , [灵魂结晶]灵魂锻造者 , 合成<乌鲁斯灵魂结晶碎片> , 要求 script:0,
922020, item , collection , [灵魂结晶]灵魂锻造者 , 合成<扎昆灵魂结晶碎片> , 要求 script:0,
922021, item , collection , [灵魂结晶]灵魂锻造者 , 合成<朱莉娅灵魂结晶碎片> , 要求 script:0,
922022, item , collection , [灵魂结晶]灵魂锻造者 , 合成<卡里亚恩灵魂结晶碎片> , 要求 script:0,
922023, item , collection , [灵魂结晶]灵魂锻造者 , 合成<黑水灵灵魂结晶碎片> , 要求 script:0,
922024, item , collection , [灵魂结晶]灵魂锻造者 , 合成<薛西斯灵魂结晶碎片> , 要求 script:0,
922025, item , collection , [灵魂结晶]灵魂锻造者 , 合成<弗雷德灵魂结晶碎片> , 要求 script:0,
922026, item , collection , [灵魂结晶]灵魂锻造者 , 合成<皮亚努斯灵魂结晶碎片> , 要求 script:0,
922027, item , collection , [灵魂结晶]灵魂锻造者 , 合成<皮埃尔灵魂结晶碎片> , ??求 script:0,
922028, item , collection , [灵魂结晶]灵魂锻造者 , 合成<品克缤灵魂结晶碎片> , 要求 script:0,
922029, item , collection , [灵魂结晶]灵魂锻造者 , 合成<希拉灵魂结晶碎片> , 要求 script:0,
923000, item , collection , [灵魂结晶]伟大的灵魂锻造者 , 获得<伟大的CQ57灵魂> , 要求 script:0,
923001, item , collection , [灵魂结晶]伟大的灵魂锻造者 , 获得<伟大的戴米安灵魂结晶> , 要求 script:0,
923002, item , collection , [灵魂结晶]伟大的灵魂锻造者 , 获得<伟大的路西德灵魂> , 要求 script:0,
923003, item , collection , [灵魂结晶]伟大的灵魂锻造者 , 获得<伟大的麦格纳斯灵魂结晶> , 要求 script:0,
923004, item , collection , [灵魂结晶]伟大的灵魂锻造者 , 获得<伟大的莫卡丁灵魂> , 要求 script:0,
923005, item , collection , [灵魂结晶]伟大的灵魂锻造者 , 获得<伟大的班·雷昂灵魂结晶> , 要求 script:0,
923006, item , collection , [灵魂结晶]伟大的灵魂锻造者 , 获得<伟大的半半灵魂结晶> , 要求 script:0,
923007, item , collection , [灵魂结晶]伟大的灵魂锻造者 , 获得<伟大的蝙蝠怪灵魂结晶> , 要求 script:0,
923008, item , collection , [灵魂结晶]伟大的灵魂锻造者 , 获得<伟大的贝伦灵魂结晶> , 要求 script:0,
923009, item , collection , [灵魂结晶]伟大的灵魂锻造者 , 获得<伟大的血腥女王灵魂结晶> , 要求 script:0,
923010, item , collection , [灵魂结晶]伟大的灵魂锻造者 , 获得<伟大的斯乌灵魂结晶> , 要求 script:0,
923011, item , collection , [灵魂结晶]伟大的灵魂锻造者 , 获得<伟大的希纳斯灵魂结晶> , 要求 script:0,
923012, item , collection , [灵魂结晶]伟大的灵魂锻造者 , 获得<伟大的阿卡伊勒灵魂结晶> , 要求 script:0,
923013, item , collection , [灵魂结晶]伟大的灵魂锻造者 , 获得<伟大乌鲁斯之魂> , 要求 script:0,
923014, item , collection , [灵魂结晶]伟大的灵魂锻造者 , 获得<伟大的扎昆灵魂结晶> , 要求 script:0,
923015, item , collection , [灵魂结晶]伟大的灵魂锻造者 , 获得<伟大的朱莉娅灵魂> , 要求 script:0,
923016, item , collection , [灵魂结晶]伟大的灵魂锻造者 , 获得<伟大的卡里亚恩灵魂> , 要求 script:0,
923017, item , collection , [灵魂结晶]伟大的灵魂锻造者 , 获得<伟大的弗雷德灵魂> , 要求 script:0,
923018, item , collection , [灵魂结晶]伟大的灵魂锻造者 , 获得<伟大的皮埃尔灵魂结晶> , 要求 script:0,
923019, item , collection , [灵魂结晶]伟大的灵魂锻造者 , 获得<伟大的品克缤灵魂结晶> , 要求 script:0,
923020, item , collection , [灵魂结晶]伟大的灵魂锻造者 , 获得<伟大的希拉灵魂结晶> , 要求 script:0,
928000, item , collection , [反魔力]反魔力收集班 ," 累计获得1,000,000反魔力 ", 要求 script:0,
929000, item , collection , [反魔力]存☆入凝聚器 ," 累计获得10,000,000反魔力 ", 要求 script:0,
930000, item , collection , 检查次数用 , 检查次数用 , 要求 script:0,
942000, item , enchantment , [星之力]5颗星！ , 星之力5星强化成功 , 要求 starforce_enchant:0,
943000, item , enchantment , [星之力]10颗星！ , 星之力10星强化成功 , 要求 starforce_enchant:0,
944000, item , enchantment , [星之力]15颗星！ , 星之力15星强化成功 , 要求 starforce_enchant:0,
945000, item , enchantment , [星之力]20颗星！ , 星之力20星强化成功 , 要求 starforce_enchant:0,
946000, item , enchantment , [星之力]21颗星！ , 星之力21星强化成功 , 要求 starforce_enchant:0,
947000, item , enchantment , [星之力]22颗星！ , 星之力22星强化成功 , 要求 starforce_enchant:0,
948000, item , enchantment , [星之力]23颗星！ , 星之力23星强化成功 , 要求 starforce_enchant:0,
949000, item , enchantment , [星之力]24颗星！ , 星之力24星强化成功 , 要求 starforce_enchant:0,
950000, item , enchantment , [星之力]25颗星！ , 星之力25星强化成功 , 要求 starforce_enchant:0,
951000, item , enchantment , [星之力]吃金币的河马 , 星之力消耗金币累计达到1亿 , 要求 starforce_enchant:0,
952000, item , enchantment , [星之力]下金币雨啦 , 星之力消耗金币累计达到100亿 , 要求 starforce_enchant:0,
953000, item , enchantment , [星之力]放心继续强化吧 , 星之力消耗金币累计达到1兆 , 要求 starforce_enchant:0,
954000, item , enchantment , 检查次数用 , 检查次数用 , 要求 starforce_enchant:0,
955000, item , enchantment , [星之力]与群星同行 , 星之力强化成功100次 , 要求 starforce_enchant:0,
956000, item , enchantment , [星之力]知道感觉如何～ ," 星之力强化成功1,000次 ", 要求 starforce_enchant:0,
957000, item , enchantment , [星之力]普遍的成功？ ," 星之力强化成功10,000次 ", 要求 starforce_enchant:0,
958000, item , enchantment , 检查次数用 , 检查次数用 , 要求 starforce_enchant:0,
959000, item , enchantment , [星之力]失败是成功之母 , 星之力强化失败100次 , 要求 starforce_enchant:0,
960000, item , enchantment , [星之力]没料到会这么失败 ," 星之力强化失败1,000次 ", 要求 starforce_enchant:0,
961000, item , enchantment , [星之力]伟大的失败 ," 星之力强化失败10,000次 ", 要求 starforce_enchant:0,
962000, item , enchantment , 检查次数用 , 检查次数用 , 要求 starforce_enchant:0,
963000, item , enchantment , [星之力]装备停止……坏掉了？ , 星之力强化损坏100次 , 要求 starforce_enchant:0,
964000, item , enchantment , [星之力]理解.强化.损坏 ," 星之力强化损坏1,000次 ", 要求 starforce_enchant:0,
965000, item , enchantment , [星之力]破坏之神 ," 星之力强化损坏10,000次 ", 要求 starforce_enchant:0,
966000, item , enchantment , 检查次数用 , 检查次数用 , 要求 starforce_enchant:0,
967000, item , enchantment , [星之力]找星星～ , 抓星星成功100次 , 要求 starforce_enchant:0,
968000, item , enchantment , [星之力]星星月亮都摘给你 ," 抓星星成功1,000次 ", 要求 starforce_enchant:0,
969000, item , enchantment , [星之力]你抓不到我～ ," 抓星星成功10,000次 ", 要求 starforce_enchant:0,
970000, item , enchantment , 检查次数用 , 检查次数用 , 要求 starforce_enchant:0,
971000, item , enchantment , [咒语痕迹]聚痕迹成咒语 ," 累计使用10,000个咒语痕迹 ", 要求 spell_trace_enchant:0,
972000, item , enchantment , [咒语痕迹]咒语狂热者 ," 累计使用100,000个咒语痕迹 ", 要求 spell_trace_enchant:0,
973000, item , enchantment , [咒语痕迹]咒语痕迹飘扬 ," 累计使用1,000,000个咒语痕迹 ", 要求 spell_trace_enchant:0,
974000, item , enchantment , 咒语痕迹使用数量检查（971;972;973parents） , 咒语痕迹使用数量检查（971;972;973parents） , 要求 spell_trace_enchant:0,
975000, item , enchantment , [咒语痕迹]高风险高回报 , 咒语痕迹15%卷轴成功100次 , 要求 spell_trace_enchant:0,
976000, item , enchantment , [咒语痕迹]没有付出就没有收获 ," 咒语痕迹15%卷轴成功1,000次 ", 要求 spell_trace_enchant:0,
977000, item , enchantment , 15%卷轴成功检查（976parents） , 15%卷轴成功检查（976parents） , 要求 spell_trace_enchant:0,
978000, item , enchantment , [咒语痕迹]一口气还原 , 咒语痕迹还原卷轴成功100次 , 要求 spell_trace_enchant:0,
979000, item , enchantment , 还原卷轴成功检查（978parents） , 还原卷轴成功检查（978parents） , 要求 spell_trace_enchant:0,
980000, item , enchantment , [咒语痕迹]干脆，清爽，成功！ , 咒语痕迹纯白卷轴成功100次 , 要求 spell_trace_enchant:0,
981000, item , enchantment , 纯白卷轴成功检查（980parents） , 纯白卷轴成功检查（980parents） , 要求 spell_trace_enchant:0,
199000, memory , [合成]1加1等于1+ , 合成两个无潜能的道具，获得带潜能的道具 , 合成两个无潜能的道具，获得带潜能的道具 , 要求 makingskill_synthesize:0,
200000, memory , [合成]1加1等于1++ , 合成两个无潜能的道具，获得A级以上含有潜能及附加潜能的道具 , 合成两个无潜能的道具，获得A级以上含有潜能及附加潜能的道具 , 要求 makingskill_synthesize:0,
49000, memory , level , 抢先一步V , 90分钟内完成第5次转职 , 要求 script:0,
